Player;Team;League;Guardian;Deep_Distributor;Enforcer;Age;Nationality;Height;Foot;Market Value;Contract Until;Annual Salary;Release Clause
Patrick Mainka;Heidenheim;Bundesliga;99.0;75.1;99.0;30.0;Germany;1,94m;right;3.000.000,00 €;Jun 30, 2027;€750.000.00;0,00 €
Mario Gila;Lazio;Serie_A;99.0;86.5;89.7;24.0;Spain;1,85m;right;28.000.000,00 €;Jun 30, 2027;€1.280.000.00;0,00 €
Yerry Mina;Cagliari;Serie_A;99.0;65.7;96.4;30.0;Colombia;1,95m;right;3.000.000,00 €;Jun 30, 2025;€1.920.000.00;0,00 €
Marco Friedl;Werder_Bremen;Bundesliga;98.9;67.1;86.1;27.0;Austria;1,87m;left;10.000.000,00 €;Jun 30, 2028;€1.350.000.00;0,00 €
Nico Schlotterbeck;Dortmund;Bundesliga;98.2;92.9;89.9;25.0;Germany;1,91m;left;40.000.000,00 €;Jun 30, 2027;€4.720.000.00;0,00 €
Isak Hien;Atalanta;Serie_A;97.8;62.2;87.0;26.0;Sweden, Burkina Faso;1,91m;right;30.000.000,00 €;Jun 30, 2028;€1.670.000.00;0,00 €
Gautier Lloris;Le_Havre;Ligue_1;97.5;76.9;93.5;29.0;France;1,91m;left;3.000.000,00 €;Jun 30, 2026;€540.000.00;0,00 €
Jhon Lucumí;Bologna;Serie_A;97.0;77.3;88.7;26.0;Colombia;1,87m;left;18.000.000,00 €;Jun 30, 2026;€960.000.00;0,00 €
Sam Beukema;Bologna;Serie_A;97.0;92.0;87.5;26.0;Netherlands;1,88m;right;25.000.000,00 €;Jun 30, 2027;€900.000.00;0,00 €
Benedikt Gimber;Heidenheim;Bundesliga;97.0;62.4;79.6;28.0;Germany;1,87m;left;3.000.000,00 €;Jun 30, 2028;€1.500.000.00;0,00 €
Leonardo Balerdi;Marseille;Ligue_1;96.6;83.6;97.4;26.0;Argentina, Italy;1,87m;right;20.000.000,00 €;Jun 30, 2028;€4.200.000.00;0,00 €
Marc Guéhi;Crystal_Palace;EPL;95.9;83.1;85.7;24.0;England, Cote d'Ivoire;1,82m;right;45.000.000,00 €;Jun 30, 2026;;
Berat Djimsiti;Atalanta;Serie_A;95.4;73.9;87.3;32.0;Albania, Switzerland;1,90m;right;8.000.000,00 €;Jun 30, 2026;€1.480.000.00;0,00 €
Diogo Leite;Union_Berlin;Bundesliga;95.1;77.8;95.4;26.0;Portugal;1,90m;left;17.000.000,00 €;-;€340.000.00;0,00 €
James Tarkowski;Everton;EPL;94.6;78.8;89.1;32.0;England, Poland;1,85m;right;10.000.000,00 €;Jun 30, 2026;€6.167.047.00;0,00 €
Alessio Romagnoli;Lazio;Serie_A;94.4;64.8;78.5;30.0;Italy;1,85m;left;12.000.000,00 €;Jun 30, 2027;€5.190.000.00;0,00 €
Facundo Medina;Lens;Ligue_1;94.4;89.5;96.2;25.0;Argentina;1,84m;left;25.000.000,00 €;Jun 30, 2028;€1.640.000.00;0,00 €
William Saliba;Arsenal;EPL;94.2;88.7;84.0;24.0;France, Cameroon;1,92m;right;80.000.000,00 €;Jun 30, 2027;€11.717.389.00;0,00 €
Johan Vásquez;Genoa;Serie_A;93.0;72.2;91.1;26.0;Mexico;1,85m;left;12.000.000,00 €;Jun 30, 2027;€1.030.000.00;0,00 €
Jeffrey Gouweleeuw;Augsburg;Bundesliga;92.6;69.7;86.5;33.0;Netherlands;1,88m;right;1.500.000,00 €;Jun 30, 2026;€1.230.000.00;0,00 €
Mark McKenzie;Toulouse;Ligue_1;92.3;73.6;86.0;26.0;United States, Jamaica;1,84m;right;6.000.000,00 €;Jun 30, 2027;€1.540.000.00;0,00 €
Charlie Cresswell;Toulouse;Ligue_1;91.4;66.6;88.3;22.0;England;1,90m;right;7.000.000,00 €;Jun 30, 2028;€720.000.00;0,00 €
Murillo;Nottingham_Forest;EPL;91.2;80.7;85.6;22.0;Brazil;1,80m;left;55.000.000,00 €;Jun 30, 2029;;
Diego Coppola;Hellas_Verona;Serie_A;91.1;66.8;97.5;21.0;Italy, Netherlands;1,93m;right;7.500.000,00 €;Jun 30, 2027;€460.000.00;0,00 €
Alessandro Bastoni;Internazionale;Serie_A;91.0;88.0;79.0;26.0;Italy;1,90m;left;80.000.000,00 €;Jun 30, 2028;€10.190.000.00;0,00 €
Mattia Viti;Empoli;Serie_A;90.8;69.0;88.6;23.0;Italy;1,90m;left;6.500.000,00 €;Jun 30, 2025;€650.000.00;0,00 €
Jordan Lefort;Angers;Ligue_1;90.4;71.3;90.5;31.0;France;1,84m;left;1.200.000,00 €;Jun 30, 2026;€1.020.000.00;0,00 €
Marquinhos;Paris_Saint_Germain;Ligue_1;90.2;86.1;77.8;30.0;Brazil, Portugal;1,83m;right;40.000.000,00 €;Jun 30, 2028;€13.450.000.00;0,00 €
Alessandro Buongiorno;Napoli;Serie_A;90.0;64.3;85.0;25.0;Italy;1,90m;left;45.000.000,00 €;Jun 30, 2029;€4.630.000.00;0,00 €
Amir Rrahmani;Napoli;Serie_A;89.9;91.3;86.3;31.0;Kosovo, Albania;1,92m;right;12.000.000,00 €;Jun 30, 2027;€3.210.000.00;0,00 €
Willian Pacho;Paris_Saint_Germain;Ligue_1;89.6;72.4;93.8;23.0;Ecuador;1,87m;left;45.000.000,00 €;Jun 30, 2029;€4.540.000.00;0,00 €
Nicolas Pallois;Nantes;Ligue_1;89.4;63.6;85.8;37.0;France;1,89m;left;0,00 €;Jun 30, 2025;€1.320.000.00;0,00 €
Calvin Bassey;Fulham;EPL;89.4;77.1;82.3;25.0;Nigeria, England;1,85m;left;25.000.000,00 €;Jun 30, 2027;€2.775.171.00;0,00 €
Strahinja Pavlović;Milan;Serie_A;89.4;62.5;71.0;23.0;Serbia;1,94m;left;18.000.000,00 €;Jun 30, 2028;€3.150.000.00;0,00 €
Saba Goglichidze;Empoli;Serie_A;89.0;65.0;79.6;20.0;Georgia;1,92m;right;8.000.000,00 €;Jun 30, 2027;€150.000.00;0,00 €
Tuta;Eintracht_Frankfurt;Bundesliga;89.0;64.2;85.7;25.0;Brazil;1,85m;right;15.000.000,00 €;Jun 30, 2026;€1.500.000.00;0,00 €
Andrea Carboni;Monza;Serie_A;88.7;61.6;73.0;24.0;Italy;1,87m;left;3.400.000,00 €;Jun 30, 2027;€930.000.00;0,00 €
Ko Itakura;Monchengladbach;Bundesliga;88.4;58.9;77.5;28.0;Japan;1,88m;right;12.000.000,00 €;Jun 30, 2026;€1.890.000.00;13.500.000,00 €
Maxence Lacroix;Crystal_Palace;EPL;88.2;71.2;94.8;25.0;France, Guadeloupe;1,90m;right;22.000.000,00 €;Jun 30, 2029;;
Nathan Collins;Brentford;EPL;88.1;71.6;88.9;24.0;Ireland;1,93m;right;28.000.000,00 €;Jun 30, 2029;€1.850.114.00;0,00 €
Clément Akpa;Auxerre;Ligue_1;88.1;85.0;94.7;23.0;Cote d'Ivoire, France;1,81m;left;3.000.000,00 €;Jun 30, 2027;€640.000.00;0,00 €
Jubal;Auxerre;Ligue_1;87.9;59.4;82.5;31.0;Brazil;1,90m;right;2.000.000,00 €;Jun 30, 2025;€700.000.00;0,00 €
Thilo Kehrer;Monaco;Ligue_1;87.6;84.4;95.7;28.0;Germany, Burundi;1,86m;both;15.000.000,00 €;Jun 30, 2028;€3.450.000.00;0,00 €
Daley Blind;Girona;La_Liga;86.8;99.0;76.8;35.0;Netherlands, England;1,80m;left;2.000.000,00 €;Jun 30, 2026;€1.780.000.00;0,00 €
Edmond Tapsoba;Bayer_Leverkusen;Bundesliga;86.8;77.5;80.6;26.0;Burkina Faso;1,94m;right;40.000.000,00 €;Jun 30, 2028;;
Eric Smith;St_Pauli;Bundesliga;86.7;71.7;84.5;28.0;Sweden;1,92m;right;5.000.000,00 €;-;€960.000.00;0,00 €
Chrislain Matsima;Augsburg;Bundesliga;86.6;64.4;92.0;22.0;France, Congo;1,93m;right;17.000.000,00 €;Jun 30, 2025;€1.140.000.00;0,00 €
Jan Paul van Hecke;Brighton_and_Hove_Albion;EPL;86.2;99.0;83.3;24.0;Netherlands;1,89m;right;32.000.000,00 €;Jun 30, 2027;€1.850.114.00;0,00 €
Adam Masina;Torino;Serie_A;86.2;60.9;77.6;31.0;Morocco, Italy;1,91m;left;1.500.000,00 €;Jun 30, 2026;€1.280.000.00;0,00 €
Lucas Beraldo;Paris_Saint_Germain;Ligue_1;85.9;84.2;83.4;21.0;Brazil;1,86m;left;25.000.000,00 €;Jun 30, 2028;€3.270.000.00;0,00 €
Piero Hincapié;Bayer_Leverkusen;Bundesliga;85.9;76.0;80.2;23.0;Ecuador;1,84m;left;50.000.000,00 €;Jun 30, 2029;;
Olivier Boscagli;PSV_Eindhoven;Eredivisie;85.7;96.2;80.2;27.0;France;1,81m;left;23.000.000,00 €;Jun 30, 2025;€620.000.00;0,00 €
Jaka Bijol;Udinese;Serie_A;85.7;74.9;85.4;26.0;Slovenia;1,90m;right;18.000.000,00 €;Jun 30, 2027;€1.030.000.00;0,00 €
Gianluca Mancini;Roma;Serie_A;85.5;74.6;83.6;29.0;Italy;1,90m;right;18.000.000,00 €;Jun 30, 2027;€6.480.000.00;0,00 €
Sebastiano Luperto;Cagliari;Serie_A;85.5;65.3;84.2;28.0;Italy;1,91m;left;3.500.000,00 €;Jun 30, 2028;€1.850.000.00;0,00 €
Kevin Akpoguma;Hoffenheim;Bundesliga;85.3;64.3;77.0;30.0;Nigeria, Germany;1,92m;right;2.500.000,00 €;Jun 30, 2026;€1.500.000.00;0,00 €
Dayot Upamecano;Bayern_Munich;Bundesliga;85.3;78.7;84.4;26.0;France, Guinea-Bissau;1,86m;right;50.000.000,00 €;Jun 30, 2026;€10.000.000.00;120.000.000,00 €
Arthur Theate;Eintracht_Frankfurt;Bundesliga;85.3;79.4;83.5;24.0;Belgium;1,85m;left;24.000.000,00 €;Jun 30, 2029;€3.200.000.00;0,00 €
Cristhian Mosquera;Valencia;La_Liga;85.2;73.5;86.1;20.0;Spain, Colombia;1,91m;right;30.000.000,00 €;Jun 30, 2026;€1.880.000.00;0,00 €
Ibrahima Konaté;Liverpool;EPL;85.1;68.9;73.8;25.0;France, Mali;1,94m;right;60.000.000,00 €;Jun 30, 2026;€4.316.933.00;0,00 €
Omar Alderete;Getafe;La_Liga;84.8;82.4;80.9;28.0;Paraguay;1,88m;left;8.000.000,00 €;Jun 30, 2028;€1.200.000.00;0,00 €
Florian Lejeune;Rayo_Vallecano;La_Liga;84.7;89.5;83.0;33.0;France;1,90m;right;2.800.000,00 €;Jun 30, 2027;€1.250.000.00;0,00 €
David Nemeth;St_Pauli;Bundesliga;84.6;56.1;69.1;24.0;Austria;1,91m;both;2.500.000,00 €;Jun 30, 2026;€780.000.00;0,00 €
Modibo Sagnan;Montpellier;Ligue_1;84.5;67.9;81.1;26.0;Mali, France;1,87m;left;3.000.000,00 €;Jun 30, 2028;€500.000.00;0,00 €
Diego Llorente;Real_Betis;La_Liga;84.3;70.4;85.1;31.0;Spain;1,86m;right;6.000.000,00 €;Jun 30, 2028;€3.120.000.00;0,00 €
Ismaël Doukouré;Strasbourg;Ligue_1;84.2;72.5;81.4;21.0;France, Cote d'Ivoire;1,83m;right;15.000.000,00 €;Jun 30, 2026;€400.000.00;0,00 €
Kike Salas;Sevilla;La_Liga;84.1;62.3;76.5;23.0;Spain;1,88m;left;8.000.000,00 €;Jun 30, 2029;€1.250.000.00;0,00 €
Luca Ranieri;Fiorentina;Serie_A;84.1;64.7;75.2;26.0;Italy;1,87m;left;12.000.000,00 €;Jun 30, 2028;€2.220.000.00;0,00 €
Youssouf Ndayishimiye;Nice;Ligue_1;84.0;69.8;81.4;26.0;Burundi;1,83m;right;12.000.000,00 €;Jun 30, 2027;€940.000.00;0,00 €
Levi Colwill;Chelsea;EPL;84.0;80.9;83.4;22.0;England;1,87m;left;55.000.000,00 €;Jun 30, 2029;€6.167.047.00;0,00 €
Konstantinos Koulierakis;Wolfsburg;Bundesliga;83.9;74.7;78.5;21.0;Greece;1,88m;left;20.000.000,00 €;Jun 30, 2029;€750.000.00;0,00 €
Hauke Wahl;St_Pauli;Bundesliga;83.6;68.5;81.3;31.0;Germany;1,89m;right;1.500.000,00 €;-;€840.000.00;0,00 €
Mika Mármol;Las_Palmas;La_Liga;83.6;70.6;76.6;23.0;Spain;1,81m;left;12.000.000,00 €;Jun 30, 2026;€420.000.00;10.000.000,00 €
Virgil van Dijk;Liverpool;EPL;83.5;99.0;96.5;33.0;Netherlands, Suriname;1,95m;right;28.000.000,00 €;Jun 30, 2027;€21.584.663.00;0,00 €
Anthony Jung;Werder_Bremen;Bundesliga;83.5;64.9;76.9;33.0;Germany, Spain;1,86m;left;1.000.000,00 €;Jun 30, 2025;€1.150.000.00;0,00 €
Bernardo;Bochum;Bundesliga;83.1;61.7;75.3;29.0;Brazil;1,86m;left;5.500.000,00 €;Jun 30, 2025;€1.320.000.00;0,00 €
Guillermo Maripán;Torino;Serie_A;83.0;64.7;80.1;30.0;Chile;1,93m;right;4.000.000,00 €;Jun 30, 2026;€3.150.000.00;0,00 €
Koni De Winter;Genoa;Serie_A;83.0;54.7;77.3;22.0;Belgium;1,91m;right;18.000.000,00 €;Jun 30, 2028;€740.000.00;0,00 €
Philipp Lienhart;Freiburg;Bundesliga;82.9;76.5;83.5;28.0;Austria;1,89m;right;15.000.000,00 €;-;€680.000.00;0,00 €
Nikola Milenković;Nottingham_Forest;EPL;82.8;57.6;74.6;27.0;Serbia;1,95m;right;28.000.000,00 €;Jun 30, 2029;;
Wilfried Singo;Monaco;Ligue_1;82.7;78.9;97.2;24.0;Cote d'Ivoire;1,90m;right;25.000.000,00 €;Jun 30, 2028;;
Jonathan Gradit;Lens;Ligue_1;82.7;76.1;78.5;32.0;France;1,80m;right;4.000.000,00 €;Jun 30, 2028;€1.450.000.00;0,00 €
Pietro Comuzzo;Fiorentina;Serie_A;82.5;59.2;75.6;20.0;Italy;1,85m;right;25.000.000,00 €;Jun 30, 2028;€1.850.000.00;0,00 €
Federico Baschirotto;Lecce;Serie_A;82.2;63.4;76.6;28.0;Italy;1,87m;right;3.800.000,00 €;Jun 30, 2026;€1.110.000.00;0,00 €
Tim Oermann;Bochum;Bundesliga;82.1;56.2;69.0;21.0;Germany;1,89m;right;5.000.000,00 €;Jun 30, 2026;€270.000.00;0,00 €
Matthijs de Ligt;Manchester_United;EPL;81.9;65.1;78.9;25.0;Netherlands;1,89m;right;40.000.000,00 €;Jun 30, 2029;;
Federico Gatti;Juventus;Serie_A;81.9;59.1;76.9;26.0;Italy;1,90m;right;25.000.000,00 €;Jun 30, 2028;€2.590.000.00;0,00 €
Javi Rodríguez;Celta_Vigo;La_Liga;81.8;72.0;76.4;21.0;Spain;1,78m;right;10.000.000,00 €;Jun 30, 2028;€620.000.00;0,00 €
Moritz Jenz;Mainz_05;Bundesliga;81.7;55.6;74.5;26.0;Germany, Nigeria;1,90m;right;6.000.000,00 €;Jun 30, 2025;€1.400.000.00;0,00 €
Cédric Kipré;Reims;Ligue_1;81.6;67.2;82.3;28.0;Cote d'Ivoire, France;1,93m;right;3.000.000,00 €;Jun 30, 2027;€1.090.000.00;0,00 €
Taylor Harwood-Bellis;Southampton;EPL;81.5;80.6;83.3;23.0;England;1,88m;right;25.000.000,00 €;Jun 30, 2028;€462.528.00;0,00 €
Arthur Chaves;Hoffenheim;Bundesliga;81.4;57.5;73.7;24.0;Brazil;1,88m;right;3.000.000,00 €;-;€300.000.00;0,00 €
Dante;Nice;Ligue_1;81.4;72.5;87.4;41.0;Brazil;1,88m;left;0,00 €;Jun 30, 2026;€1.200.000.00;0,00 €
Jan Bednarek;Southampton;EPL;81.4;72.3;92.3;29.0;Poland;1,89m;right;11.000.000,00 €;Jun 30, 2027;€4.316.933.00;7.115.823,00 €
Alberto Dossena;Como;Serie_A;80.9;53.1;73.6;26.0;Italy;1,95m;right;7.000.000,00 €;Jun 30, 2028;€1.850.000.00;0,00 €
Brendan Chardonnet;Brest;Ligue_1;80.8;68.6;83.0;30.0;France;1,81m;right;6.000.000,00 €;Jun 30, 2027;€1.280.000.00;0,00 €
Marash Kumbulla;Espanyol;La_Liga;80.7;59.2;74.2;25.0;Albania, Italy;1,91m;right;6.000.000,00 €;Jun 30, 2025;€3.750.000.00;0,00 €
Dean Huijsen;Bournemouth;EPL;80.6;88.4;88.9;20.0;Spain, Netherlands;1,97m;both;42.000.000,00 €;Jun 30, 2030;€1.850.114.00;59.298.525,00 €
Dan Burn;Newcastle_United;EPL;80.6;62.6;77.5;32.0;England;2,01m;left;7.000.000,00 €;Jun 30, 2026;€3.391.876.00;0,00 €
Jonathan Tah;Bayer_Leverkusen;Bundesliga;80.6;75.9;89.8;29.0;Germany, Cote d'Ivoire;1,95m;right;30.000.000,00 €;Jun 30, 2025;;
Nicolás Otamendi;Benfica;Primeira_Liga;80.5;71.6;83.4;37.0;Argentina;1,83m;right;1.000.000,00 €;Jun 30, 2025;€2.520.000.00;0,00 €
Timo Becker;Holstein_Kiel;Bundesliga;80.5;59.1;70.7;28.0;Germany;1,90m;right;2.000.000,00 €;Jun 30, 2025;€590.000.00;0,00 €
César Tárrega;Valencia;La_Liga;80.5;63.7;71.0;23.0;Spain;1,94m;right;6.000.000,00 €;Jun 30, 2028;€200.000.00;0,00 €
Jean-Charles Castelletto;Nantes;Ligue_1;80.5;67.0;79.4;30.0;Cameroon, France;1,86m;both;3.500.000,00 €;Jun 30, 2028;€910.000.00;0,00 €
Moïse Bombito;Nice;Ligue_1;80.4;67.7;76.3;25.0;Canada, DR Congo;1,90m;right;10.000.000,00 €;Jun 30, 2028;€720.000.00;0,00 €
Matthias Ginter;Freiburg;Bundesliga;80.4;62.8;70.8;31.0;Germany;1,89m;right;8.000.000,00 €;Jun 30, 2027;€7.550.000.00;0,00 €
Saúl Coco;Torino;Serie_A;80.4;70.7;81.2;26.0;Equatorial Guinea, Spain;1,87m;right;12.000.000,00 €;Jun 30, 2028;€1.670.000.00;0,00 €
Dara O'Shea;Ipswich_Town;EPL;80.3;70.6;79.8;26.0;Ireland;1,89m;right;14.000.000,00 €;Jun 30, 2029;;
Paweł Dawidowicz;Hellas_Verona;Serie_A;80.3;57.9;67.1;29.0;Poland;1,89m;both;2.500.000,00 €;Jun 30, 2025;€380.000.00;0,00 €
Fabian Schär;Newcastle_United;EPL;79.9;91.5;84.5;33.0;Switzerland;1,86m;right;9.000.000,00 €;Jun 30, 2026;€3.700.228.00;0,00 €
Lisandro Martínez;Manchester_United;EPL;79.5;70.6;79.4;27.0;Argentina;1,75m;left;45.000.000,00 €;Jun 30, 2027;;
Tomás Araújo;Benfica;Primeira_Liga;79.3;73.2;73.4;22.0;Portugal;1,87m;right;32.000.000,00 €;Jun 30, 2029;€1.630.000.00;80.000.000,00 €
Waldemar Anton;Dortmund;Bundesliga;79.3;66.6;76.6;28.0;Germany;1,89m;right;18.000.000,00 €;Jun 30, 2028;€3.960.000.00;0,00 €
Sebastian Walukiewicz;Torino;Serie_A;79.3;60.6;65.8;25.0;Poland;1,88m;right;5.000.000,00 €;Jun 30, 2027;€1.110.000.00;0,00 €
Daniele Ghilardi;Hellas_Verona;Serie_A;79.0;59.5;68.3;22.0;Italy;1,89m;right;4.000.000,00 €;-;€460.000.00;0,00 €
Wout Faes;Leicester_City;EPL;79.0;64.3;76.0;27.0;Belgium;1,87m;right;20.000.000,00 €;Jun 30, 2027;€3.083.523.00;0,00 €
Iñigo Martínez;Barcelona;La_Liga;78.5;99.0;78.2;33.0;Spain;1,82m;left;5.000.000,00 €;Jun 30, 2026;€9.060.000.00;400.000.000,00 €
Nayef Aguerd;Real_Sociedad;La_Liga;78.5;75.4;65.4;29.0;Morocco;1,90m;left;25.000.000,00 €;Jun 30, 2025;€1.820.000.00;0,00 €
Danilho Doekhi;Union_Berlin;Bundesliga;78.4;62.3;80.5;26.0;Netherlands, Suriname;1,90m;right;13.000.000,00 €;Jun 30, 2026;€600.000.00;0,00 €
Armando Izzo;Monza;Serie_A;78.4;67.0;84.5;33.0;Italy;1,83m;right;2.500.000,00 €;Jun 30, 2026;€3.150.000.00;0,00 €
Danny da Costa;Mainz_05;Bundesliga;78.4;64.4;72.1;31.0;Germany, Angola;1,87m;right;1.500.000,00 €;Jun 30, 2026;€1.200.000.00;0,00 €
Pierre Kalulu;Juventus;Serie_A;78.3;70.1;72.1;24.0;France, DR Congo;1,82m;right;26.000.000,00 €;Jun 30, 2025;€2.560.000.00;0,00 €
Leandro Cabrera;Espanyol;La_Liga;78.2;64.3;73.1;33.0;Uruguay, Spain;1,90m;left;1.000.000,00 €;Jun 30, 2025;€1.360.000.00;0,00 €
Jarrad Branthwaite;Everton;EPL;78.1;67.8;72.9;22.0;England;1,95m;left;50.000.000,00 €;Jun 30, 2027;€2.158.466.00;0,00 €
Benjamin Pavard;Internazionale;Serie_A;78.1;64.1;67.0;29.0;France;1,86m;right;30.000.000,00 €;Jun 30, 2028;€6.410.000.00;0,00 €
Joachim Andersen;Fulham;EPL;78.0;92.1;81.2;28.0;Denmark;1,92m;right;32.000.000,00 €;Jun 30, 2029;€5.550.342.00;0,00 €
Moussa Diarra;Alaves;La_Liga;77.9;59.3;67.2;24.0;Mali, France;1,85m;left;2.000.000,00 €;Jun 30, 2028;€350.000.00;0,00 €
Logan Costa;Villareal;La_Liga;77.9;69.0;70.0;24.0;Cape Verde, France;1,90m;right;15.000.000,00 €;Jun 30, 2030;;
Carl Starfelt;Celta_Vigo;La_Liga;77.5;64.0;74.8;29.0;Sweden;1,87m;right;6.000.000,00 €;Jun 30, 2027;€1.100.000.00;0,00 €
Pau Cubarsí;Barcelona;La_Liga;77.4;83.3;72.2;18.0;Spain;1,84m;right;70.000.000,00 €;Jun 30, 2029;€4.000.000.00;500.000.000,00 €
Pablo Marí;Monza;Serie_A;77.3;62.1;77.3;;;;;;;;
Robin Koch;Eintracht_Frankfurt;Bundesliga;77.2;60.6;75.7;28.0;Germany;1,92m;right;18.000.000,00 €;Jun 30, 2027;€2.460.000.00;19.000.000,00 €
Natan;Real_Betis;La_Liga;77.1;55.8;68.8;24.0;Brazil;1,88m;left;9.000.000,00 €;Jun 30, 2025;€2.290.000.00;0,00 €
Abdel Abqar;Alaves;La_Liga;76.8;70.8;78.5;26.0;Morocco;1,88m;right;7.500.000,00 €;Jun 30, 2025;€370.000.00;0,00 €
Lewis Dunk;Brighton_and_Hove_Albion;EPL;76.8;77.7;72.1;33.0;England;1,92m;right;8.000.000,00 €;Jun 30, 2026;€4.933.637.00;0,00 €
Dylan Batubinsika;Saint_Etienne;Ligue_1;76.7;61.3;88.1;29.0;DR Congo, France;1,85m;right;1.500.000,00 €;Jun 30, 2026;€720.000.00;0,00 €
Ezri Konsa;Aston_Villa;EPL;76.7;61.4;73.4;27.0;England, DR Congo;1,83m;right;35.000.000,00 €;Jun 30, 2028;;
Antonio Rüdiger;Real_Madrid;La_Liga;76.6;70.7;67.3;32.0;Germany, Sierra Leone;1,90m;right;24.000.000,00 €;Jun 30, 2026;€14.580.000.00;400.000.000,00 €
Konstantinos Mavropanos;West_Ham_United;EPL;76.6;75.1;80.0;27.0;Greece;1,94m;right;17.000.000,00 €;Jun 30, 2028;€3.083.523.00;0,00 €
Tommy St. Jago;Willem_II;Eredivisie;76.3;58.3;71.8;25.0;Netherlands, Curacao;1,86m;right;1.000.000,00 €;Jun 30, 2025;;
Niklas Stark;Werder_Bremen;Bundesliga;76.3;57.3;73.7;30.0;Germany;1,90m;right;5.000.000,00 €;Jun 30, 2026;€1.440.000.00;0,00 €
Ulisses;Nacional;Primeira_Liga;76.2;59.8;72.6;25.0;Brazil;1,86m;right;1.000.000,00 €;Jun 30, 2028;€180.000.00;0,00 €
Chris Richards;Crystal_Palace;EPL;76.1;50.9;60.6;25.0;United States;1,88m;right;12.000.000,00 €;Jun 30, 2027;;
Ousmane Diomande;Sporting_CP;Primeira_Liga;75.9;58.8;74.0;21.0;Cote d'Ivoire;1,90m;right;40.000.000,00 €;Jun 30, 2027;€1.540.000.00;80.000.000,00 €
Jacob Greaves;Ipswich_Town;EPL;75.6;54.0;65.4;24.0;England;1,93m;left;20.000.000,00 €;Jun 30, 2029;;
Nico Elvedi;Monchengladbach;Bundesliga;75.2;55.5;74.6;28.0;Switzerland;1,89m;right;8.000.000,00 €;Jun 30, 2027;€3.500.000.00;10.000.000,00 €
Edoardo Goldaniga;Como;Serie_A;75.2;66.4;72.8;31.0;Italy;1,93m;right;2.000.000,00 €;Jun 30, 2026;€740.000.00;0,00 €
Botond Balogh;Parma;Serie_A;75.1;51.3;69.9;22.0;Hungary;1,89m;right;2.500.000,00 €;Jun 30, 2027;€740.000.00;0,00 €
Mamadou Sarr;Strasbourg;Ligue_1;74.9;60.8;76.6;19.0;France, Senegal;1,94m;right;15.000.000,00 €;Jun 30, 2029;€820.000.00;0,00 €
Francesco Acerbi;Internazionale;Serie_A;74.7;57.2;71.9;37.0;Italy;1,92m;left;3.000.000,00 €;Jun 30, 2026;€2.780.000.00;0,00 €
Abdul Mumin;Rayo_Vallecano;La_Liga;74.7;55.7;71.1;26.0;Ghana, Nigeria;1,88m;right;5.000.000,00 €;Jun 30, 2026;€350.000.00;0,00 €
David López;Girona;La_Liga;74.5;72.1;67.3;35.0;Spain;1,85m;right;2.000.000,00 €;Jun 30, 2026;€3.750.000.00;0,00 €
Santiago Bueno;Wolverhampton_Wanderers;EPL;74.2;51.9;62.0;26.0;Uruguay, Italy;1,90m;right;8.000.000,00 €;Jun 30, 2028;€1.850.114.00;0,00 €
Javi Sánchez;Valladolid;La_Liga;74.1;56.0;66.3;28.0;Spain;1,89m;right;1.800.000,00 €;Jun 30, 2026;€660.000.00;0,00 €
Jimmy Dunne;Queens_Park_Rangers;Championship;74.0;53.4;67.0;27.0;Ireland, Northern Ireland;1,91m;right;3.500.000,00 €;Jun 30, 2025;€524.199.00;0,00 €
Yeray Álvarez;Athletic_Club;La_Liga;73.8;71.3;74.4;30.0;Spain;1,82m;right;7.500.000,00 €;Jun 30, 2026;€2.400.000.00;70.000.000,00 €
Ardian Ismajli;Empoli;Serie_A;73.7;54.3;81.4;28.0;Albania, Kosovo;1,87m;right;6.000.000,00 €;Jun 30, 2025;€900.000.00;0,00 €
Martin Valjent;Mallorca;La_Liga;73.5;57.5;67.5;29.0;Slovakia;1,87m;right;6.000.000,00 €;Jun 30, 2029;€2.500.000.00;0,00 €
Sepp van den Berg;Brentford;EPL;73.5;58.0;69.9;23.0;Netherlands;1,92m;right;20.000.000,00 €;Jun 30, 2029;€1.233.409.00;0,00 €
Igor Zubeldia;Real_Sociedad;La_Liga;73.5;66.9;68.3;28.0;Spain;1,81m;right;18.000.000,00 €;Jun 30, 2029;€2.000.000.00;50.000.000,00 €
Marc Bartra;Real_Betis;La_Liga;73.1;62.6;71.1;34.0;Spain;1,84m;right;1.000.000,00 €;Jun 30, 2027;€2.080.000.00;0,00 €
Denis Vavro;Wolfsburg;Bundesliga;73.0;71.4;76.7;29.0;Slovakia;1,89m;right;7.000.000,00 €;Jun 30, 2025;€1.890.000.00;0,00 €
Ethan Pinnock;Brentford;EPL;72.9;55.2;68.2;31.0;Jamaica, England;1,94m;left;8.000.000,00 €;Jun 30, 2027;€1.850.114.00;0,00 €
Christian Mawissa;Monaco;Ligue_1;72.8;52.6;69.8;20.0;France, DR Congo;1,84m;left;12.000.000,00 €;Jun 30, 2029;€580.000.00;0,00 €
Leo Greiml;NAC_Breda;Eredivisie;72.4;60.0;73.0;23.0;Austria;1,87m;right;1.500.000,00 €;Jun 30, 2027;€490.000.00;0,00 €
Malick Thiaw;Milan;Serie_A;72.3;64.0;67.1;23.0;Germany, Finland;1,94m;right;20.000.000,00 €;Jun 30, 2027;€1.030.000.00;0,00 €
Rodrigo Abascal;Boavista;Primeira_Liga;72.2;60.4;70.4;31.0;Uruguay, Spain;1,90m;left;0,00 €;Jun 30, 2025;€340.000.00;0,00 €
Jan Van den Bergh;NAC_Breda;Eredivisie;71.9;66.5;67.1;30.0;Belgium;1,88m;left;0,00 €;Jun 30, 2026;€300.000.00;0,00 €
Djené;Getafe;La_Liga;71.9;59.5;68.4;33.0;Togo;1,78m;right;2.000.000,00 €;Jun 30, 2025;€2.200.000.00;0,00 €
Cristian Romero;Tottenham_Hotspur;EPL;71.7;59.4;68.2;27.0;Argentina;1,85m;right;55.000.000,00 €;Jun 30, 2027;€10.175.627.00;0,00 €
Castello Lukeba;RB_Leipzig;Bundesliga;71.5;55.2;62.7;22.0;France, Angola;1,84m;left;50.000.000,00 €;Jun 30, 2029;€5.000.000.00;90.000.000,00 €
Ivan Ordets;Bochum;Bundesliga;71.5;53.1;74.8;32.0;Ukraine;1,95m;right;1.800.000,00 €;Jun 30, 2026;€1.890.000.00;0,00 €
Derek Cornelius;Marseille;Ligue_1;71.5;55.0;65.6;27.0;Canada, Jamaica;1,87m;left;5.000.000,00 €;Jun 30, 2028;€720.000.00;0,00 €
Gabriel Magalhães;Arsenal;EPL;71.3;74.0;68.1;27.0;Brazil;1,90m;left;75.000.000,00 €;Jun 30, 2027;€6.167.047.00;0,00 €
Rodrigues;SJ_Earthquakes;MLS;71.3;56.7;73.8;27.0;Brazil;1,88m;right;1.000.000,00 €;Dec 31, 2025;€573.739.00;0,00 €
José María Giménez;Atletico_Madrid;La_Liga;71.2;64.5;69.7;30.0;Uruguay, Spain;1,85m;right;20.000.000,00 €;Jun 30, 2028;;
Matteo Gabbia;Milan;Serie_A;71.2;62.7;64.5;25.0;Italy;1,85m;right;14.000.000,00 €;Jun 30, 2029;€3.330.000.00;0,00 €
Enea Mihaj;Famalicão;Primeira_Liga;71.2;66.5;75.0;26.0;Albania, Greece;1,86m;right;3.000.000,00 €;Jun 30, 2025;€270.000.00;0,00 €
Malang Sarr;Lens;Ligue_1;71.1;57.8;71.2;26.0;France, Senegal;1,83m;left;5.000.000,00 €;Jun 30, 2026;€1.460.000.00;0,00 €
Christopher Wooh;Rennes;Ligue_1;71.1;55.4;68.5;23.0;Cameroon, France;1,91m;right;7.000.000,00 €;Jun 30, 2026;€240.000.00;0,00 €
Kévin Boma;Estoril;Primeira_Liga;71.0;53.8;70.0;22.0;Togo, France;1,93m;right;2.500.000,00 €;Jun 30, 2028;€180.000.00;0,00 €
Ryan Flamingo;PSV_Eindhoven;Eredivisie;70.9;73.6;73.6;22.0;Netherlands, Suriname;1,87m;right;16.000.000,00 €;Jun 30, 2029;€1.180.000.00;0,00 €
Dávid Hancko;Feyenoord;Eredivisie;70.9;69.7;69.2;27.0;Slovakia;1,88m;left;32.000.000,00 €;Jun 30, 2028;€2.350.000.00;0,00 €
Oumar Solet;Udinese;Serie_A;70.8;53.0;61.2;25.0;France, Central African Republic;1,92m;right;14.000.000,00 €;Jun 30, 2027;€1.300.000.00;0,00 €
Matija Nastasić;Leganes;La_Liga;70.5;50.5;65.7;32.0;Serbia;1,87m;left;1.000.000,00 €;Jun 30, 2026;;
Becir Omeragic;Montpellier;Ligue_1;70.5;55.0;63.2;23.0;Switzerland, Bosnia-Herzegovina;1,87m;right;5.000.000,00 €;Jun 30, 2028;€550.000.00;0,00 €
Zeno Debast;Sporting_CP;Primeira_Liga;70.5;77.2;64.9;21.0;Belgium;1,91m;right;26.000.000,00 €;Jun 30, 2029;€1.000.000.00;0,00 €
Gonçalo Inácio;Sporting_CP;Primeira_Liga;70.1;77.3;68.7;23.0;Portugal;1,86m;left;45.000.000,00 €;Jun 30, 2027;€1.730.000.00;60.000.000,00 €
Eric García;Barcelona;La_Liga;70.1;60.0;56.0;24.0;Spain;1,82m;right;15.000.000,00 €;Jun 30, 2026;€6.000.000.00;400.000.000,00 €
Gabriel Osho;Auxerre;Ligue_1;69.9;54.8;66.1;26.0;Nigeria, England;1,85m;right;3.000.000,00 €;Jun 30, 2025;€720.000.00;0,00 €
Jean-Clair Todibo;West_Ham_United;EPL;69.8;49.2;62.3;25.0;France, French Guiana;1,90m;right;28.000.000,00 €;Jun 30, 2025;€1.233.409.00;0,00 €
Marvin Young;Sparta_R'dam;Eredivisie;69.7;52.0;60.0;19.0;Netherlands, Suriname;1,82m;right;1.000.000,00 €;Jun 30, 2029;€120.000.00;0,00 €
Baptiste Roux;AVS_Futebol;Primeira_Liga;69.7;50.3;63.3;25.0;France;1,90m;left;0,00 €;Jun 30, 2026;€280.000.00;0,00 €
Thomas Kristensen;Udinese;Serie_A;69.6;51.7;62.0;23.0;Denmark;1,98m;right;6.000.000,00 €;Jun 30, 2028;€320.000.00;0,00 €
Scott McKenna;Las_Palmas;La_Liga;69.5;50.1;61.7;28.0;Scotland;1,89m;left;5.000.000,00 €;Jun 30, 2027;€2.080.000.00;0,00 €
Ben Cabango;Swansea_City;Championship;69.2;64.4;66.2;24.0;Wales, Angola;1,86m;right;9.000.000,00 €;Jun 30, 2028;€770.881.00;0,00 €
Calum Chambers;Cardiff_City;Championship;68.9;58.5;66.9;30.0;England;1,82m;right;2.800.000,00 €;Jun 30, 2027;€2.775.171.00;0,00 €
Chico Lamba;Arouca;Primeira_Liga;68.8;48.9;60.5;22.0;Portugal, Guinea-Bissau;1,90m;right;1.500.000,00 €;Jun 30, 2027;€180.000.00;0,00 €
Raffael Behounek;Willem_II;Eredivisie;68.7;62.4;69.9;28.0;Austria;1,87m;right;0,00 €;Jun 30, 2026;€180.000.00;0,00 €
Joseph Okumu;Reims;Ligue_1;68.5;68.6;71.6;27.0;Kenya;1,90m;right;7.000.000,00 €;Jun 30, 2028;€1.640.000.00;0,00 €
Mike Eerdhuijzen;Sparta_R'dam;Eredivisie;68.4;78.4;74.1;24.0;Netherlands;1,94m;left;2.000.000,00 €;Jun 30, 2026;€210.000.00;0,00 €
Nick Viergever;Utrecht;Eredivisie;68.3;60.7;67.0;35.0;Netherlands;1,83m;left;0,00 €;Jun 30, 2026;€350.000.00;0,00 €
Damon Mirani;Heracles_Almelo;Eredivisie;68.2;58.6;68.3;28.0;Netherlands;1,83m;right;0,00 €;Jun 30, 2027;€300.000.00;0,00 €
Lukas Klostermann;RB_Leipzig;Bundesliga;68.2;56.9;67.4;28.0;Germany;1,89m;right;8.000.000,00 €;Jun 30, 2028;€6.600.000.00;0,00 €
Rúben Dias;Manchester_City;EPL;68.1;77.6;67.0;27.0;Portugal;1,87m;right;70.000.000,00 €;Jun 30, 2027;;
Justin de Haas;Famalicão;Primeira_Liga;68.0;59.9;73.8;25.0;Netherlands;1,94m;left;1.500.000,00 €;Jun 30, 2026;€180.000.00;0,00 €
Mees Hilgers;Twente;Eredivisie;67.9;51.0;57.2;23.0;Indonesia, Netherlands;1,85m;right;7.000.000,00 €;Jun 30, 2026;€350.000.00;0,00 €
Keven Schlotterbeck;Augsburg;Bundesliga;67.8;49.6;60.0;28.0;Germany;1,88m;left;7.000.000,00 €;Jun 30, 2027;€1.320.000.00;0,00 €
Nikolai Hopland;Heerenveen;Eredivisie;67.8;65.2;65.2;20.0;Norway;1,90m;right;3.000.000,00 €;Jun 30, 2025;€120.000.00;0,00 €
Fikayo Tomori;Milan;Serie_A;67.7;52.4;59.7;27.0;England, Canada;1,85m;right;20.000.000,00 €;Jun 30, 2027;€4.490.000.00;0,00 €
Jakob Glesnes;Philadelphia_Union;MLS;67.7;62.1;70.5;31.0;Norway;1,88m;right;3.500.000,00 €;Dec 31, 2025;€882.675.00;0,00 €
Domingos Duarte;Getafe;La_Liga;67.6;50.8;61.1;30.0;Portugal;1,92m;right;0,00 €;Jun 30, 2026;€1.080.000.00;0,00 €
Miles Robinson;FC_Cincinnati;MLS;67.4;54.4;61.3;28.0;United States;1,88m;right;4.000.000,00 €;Dec 31, 2025;€1.263.832.00;0,00 €
Mohammed Salisu;Monaco;Ligue_1;67.3;54.8;63.8;26.0;Ghana;1,88m;left;15.000.000,00 €;Jun 30, 2028;€3.100.000.00;0,00 €
Felix Bacher;Estoril;Primeira_Liga;67.0;50.3;65.0;24.0;Austria;1,90m;right;1.000.000,00 €;Jun 30, 2028;€280.000.00;0,00 €
Torbjørn Heggem;West_Bromwich_Albion;Championship;67.0;50.3;61.5;26.0;Norway;1,92m;left;1.000.000,00 €;Jun 30, 2027;€493.364.00;0,00 €
Sam Kersten;Heerenveen;Eredivisie;66.9;56.2;65.2;27.0;Netherlands;1,91m;right;0,00 €;Jun 30, 2027;€300.000.00;0,00 €
Rodrigo Guth;Fortuna_Sittard;Eredivisie;66.4;47.8;61.4;24.0;Brazil, Germany;1,92m;right;2.500.000,00 €;Jun 30, 2027;€320.000.00;0,00 €
Harry Maguire;Manchester_United;EPL;66.4;55.8;69.9;32.0;England;1,94m;right;15.000.000,00 €;Jun 30, 2026;;
António Silva;Benfica;Primeira_Liga;66.3;60.3;61.9;21.0;Portugal;1,87m;right;32.000.000,00 €;Jun 30, 2027;€1.560.000.00;100.000.000,00 €
Robin Le Normand;Atletico_Madrid;La_Liga;66.2;49.3;59.2;28.0;Spain, France;1,87m;right;40.000.000,00 €;Jun 30, 2029;€6.250.000.00;0,00 €
Lucas Bartlett;D.C_United;MLS;66.2;54.7;65.5;27.0;United States;1,91m;;1.000.000,00 €;Dec 31, 2027;€79.190.00;0,00 €
José Fontán;Arouca;Primeira_Liga;66.2;56.2;63.3;25.0;Spain;1,82m;left;1.000.000,00 €;Jun 30, 2026;€580.000.00;0,00 €
Jack Elliott;Philadelphia_Union;MLS;66.1;54.7;64.6;;;;;;;;
Mike van der Hoorn;Utrecht;Eredivisie;66.0;59.4;67.0;32.0;Netherlands;1,90m;right;1.200.000,00 €;Jun 30, 2026;€490.000.00;0,00 €
Manuel Akanji;Manchester_City;EPL;66.0;74.7;63.1;29.0;Switzerland, Nigeria;1,88m;right;32.000.000,00 €;Jun 30, 2027;;
Nehuén Pérez;Porto;Primeira_Liga;65.9;66.1;63.5;24.0;Argentina;1,86m;right;13.000.000,00 €;Jun 30, 2025;€1.250.000.00;0,00 €
Kevin Long;Toronto_FC;MLS;65.9;49.0;56.1;34.0;Ireland;1,88m;right;0,00 €;Dec 31, 2025;€220.669.00;0,00 €
Callum Doyle;Norwich_City;Championship;65.2;67.4;67.2;21.0;England;1,90m;left;15.000.000,00 €;May 31, 2025;€431.693.00;0,00 €
Eric Dier;Bayern_Munich;Bundesliga;65.2;55.4;60.6;31.0;England, Portugal;1,91m;right;8.000.000,00 €;Jun 30, 2025;€5.000.000.00;0,00 €
Santiago Mouriño;Alaves;La_Liga;65.1;49.6;62.0;23.0;Uruguay, Spain;1,86m;right;2.000.000,00 €;Jun 30, 2029;€320.000.00;0,00 €
Pau Torres;Aston_Villa;EPL;65.1;61.5;58.1;28.0;Spain;1,92m;left;40.000.000,00 €;Jun 30, 2028;;
Juan Jesus;Napoli;Serie_A;65.0;47.4;54.8;33.0;Brazil, Italy;1,85m;left;1.500.000,00 €;Jun 30, 2025;€1.850.000.00;0,00 €
Marcos Senesi;Bournemouth;EPL;64.7;51.0;56.5;27.0;Argentina, Italy;1,85m;left;24.000.000,00 €;Jun 30, 2026;€3.083.523.00;0,00 €
Zak Vyner;Bristol_City;Championship;64.6;65.8;64.5;27.0;Kenya, England;1,87m;right;2.800.000,00 €;Jun 30, 2026;€616.705.00;0,00 €
Youri Baas;Ajax;Eredivisie;64.6;59.6;67.5;22.0;Netherlands;1,88m;left;12.000.000,00 €;Jun 30, 2028;€680.000.00;0,00 €
Anselmo García MacNulty;Zwolle;Eredivisie;64.6;57.5;67.8;22.0;Ireland, Spain;1,90m;left;1.000.000,00 €;Jun 30, 2026;€590.000.00;0,00 €
Danilo D'Ambrosio;Monza;Serie_A;64.6;46.4;56.3;36.0;Italy;1,80m;right;0,00 €;Jun 30, 2025;€1.850.000.00;0,00 €
Joris Kramer;Go_Ahead_Eag;Eredivisie;64.5;60.2;65.0;28.0;Netherlands;1,87m;left;1.500.000,00 €;Jun 30, 2027;€240.000.00;0,00 €
Emmanuel Agbadou;Wolverhampton_Wanderers;EPL;64.4;49.7;56.4;27.0;Cote d'Ivoire;1,92m;right;17.000.000,00 €;Jun 30, 2029;€2.775.171.00;0,00 €
Nnamdi Collins;Eintracht_Frankfurt;Bundesliga;64.4;48.5;59.2;21.0;Germany, Nigeria;1,91m;right;10.000.000,00 €;Jun 30, 2030;€660.000.00;0,00 €
Ethan Ampadu;Leeds_United;Championship;64.4;53.6;56.9;24.0;Wales, England;1,82m;right;16.000.000,00 €;Jun 30, 2027;€2.466.819.00;0,00 €
Liam van Gelderen;RKC_Waalwijk;Eredivisie;64.3;52.6;71.1;24.0;Suriname, Netherlands;1,82m;right;0,00 €;Jun 30, 2027;€180.000.00;0,00 €
Rúben Fernandes;Gil_Vicente_FC;Primeira_Liga;64.3;58.0;66.6;38.0;Portugal;1,87m;right;0,00 €;Jun 30, 2025;€150.000.00;0,00 €
Clément Lenglet;Atletico_Madrid;La_Liga;64.3;61.9;64.6;29.0;France;1,86m;left;7.500.000,00 €;Jun 30, 2025;€4.000.000.00;0,00 €
Julien Le Cardinal;Brest;Ligue_1;64.3;58.7;71.0;27.0;France;1,84m;right;1.500.000,00 €;Jun 30, 2027;€480.000.00;0,00 €
George Campbell;CF_Montréal;MLS;64.1;54.6;67.0;23.0;United States;1,88m;;1.200.000,00 €;Dec 31, 2025;€353.070.00;0,00 €
Adilson Malanda;Charlotte;MLS;64.0;61.7;65.8;23.0;France, Congo;1,94m;right;3.500.000,00 €;Dec 31, 2026;€286.869.00;0,00 €
Luke O'Nien;Sunderland;Championship;64.0;68.6;64.6;30.0;England;1,74m;right;1.500.000,00 €;Jun 30, 2026;€462.528.00;0,00 €
Abdoulaye Bamba;Angers;Ligue_1;63.6;48.4;64.9;35.0;Cote d'Ivoire, Italy;1,82m;right;0,00 €;Jun 30, 2025;€270.000.00;0,00 €
Damian van der Haar;Zwolle;Eredivisie;63.5;49.9;56.8;21.0;Netherlands;1,87m;left;0,00 €;Jun 30, 2025;€150.000.00;0,00 €
Maracás;Moreirense;Primeira_Liga;63.5;46.7;61.6;31.0;Brazil;1,84m;right;1.000.000,00 €;Jun 30, 2026;€300.000.00;0,00 €
Eduardo Quaresma;Sporting_CP;Primeira_Liga;63.5;53.0;51.6;23.0;Portugal;1,85m;right;14.000.000,00 €;Jun 30, 2028;€250.000.00;0,00 €
Chris Mepham;Sunderland;Championship;63.5;55.0;60.5;27.0;Wales, England;1,90m;right;6.000.000,00 €;May 31, 2025;€1.541.762.00;0,00 €
Issa Diop;Fulham;EPL;63.4;44.7;55.4;28.0;France, Senegal;1,94m;right;16.000.000,00 €;Jun 30, 2027;€4.316.933.00;0,00 €
Stefan Bell;Mainz_05;Bundesliga;63.4;44.8;61.8;33.0;Germany;1,92m;right;0,00 €;Jun 30, 2026;€1.800.000.00;0,00 €
Stefan de Vrij;Internazionale;Serie_A;63.4;51.7;62.5;33.0;Netherlands;1,89m;right;7.000.000,00 €;Jun 30, 2025;€7.040.000.00;0,00 €
CJ Egan-Riley;Burnley;Championship;63.3;66.2;62.5;22.0;England, Ireland;1,85m;right;14.000.000,00 €;Jun 30, 2025;€370.023.00;0,00 €
Noah Eile;NY_Red_Bulls;MLS;63.2;60.6;68.9;22.0;Sweden;1,95m;right;1.800.000,00 €;Dec 31, 2027;€370.724.00;0,00 €
Adam Obert;Cagliari;Serie_A;63.2;46.5;54.9;22.0;Slovakia;1,88m;left;3.000.000,00 €;Jun 30, 2029;€930.000.00;0,00 €
Caleb Okoli;Leicester_City;EPL;63.0;47.6;56.0;23.0;Italy, Nigeria;1,91m;right;12.000.000,00 €;Jun 30, 2029;€1.541.762.00;0,00 €
Rudy Camacho;Columbus_Crew;MLS;62.8;52.8;65.3;34.0;France;1,86m;;0,00 €;Dec 31, 2025;€419.271.00;0,00 €
Pedro Álvaro;Estoril;Primeira_Liga;62.7;55.3;72.2;25.0;Portugal;1,87m;right;1.500.000,00 €;Jun 30, 2025;€110.000.00;0,00 €
Marvin Peersman;Groningen;Eredivisie;62.7;53.2;61.3;34.0;Belgium, Ghana;1,85m;left;0,00 €;Jun 30, 2026;€300.000.00;0,00 €
Raúl Asencio;Real_Madrid;La_Liga;62.7;48.2;57.6;22.0;Spain;1,84m;right;30.000.000,00 €;Jun 30, 2026;€6.250.000.00;0,00 €
Ian Murphy;FC_Cincinnati;MLS;62.7;52.6;60.6;;;;;;;;
Trevoh Chalobah;Crystal_Palace;EPL;62.7;47.9;58.9;;;;;;;;
Wesley Fofana;Chelsea;EPL;62.7;47.2;58.3;24.0;France, Cote d'Ivoire;1,85m;right;27.000.000,00 €;Jun 30, 2029;€12.334.093.00;0,00 €
Lucas Áfrico;Farense;Primeira_Liga;62.5;49.3;53.5;30.0;Brazil;1,88m;left;0,00 €;Jun 30, 2026;€180.000.00;0,00 €
Dario Župarić;Portland_Timbers;MLS;62.5;50.4;62.7;33.0;Croatia, Bosnia-Herzegovina;1,88m;right;1.000.000,00 €;Dec 31, 2025;€648.766.00;0,00 €
Frederico Venâncio;Santa_Clara;Primeira_Liga;62.5;52.3;60.5;32.0;Portugal;1,86m;right;0,00 €;Jun 30, 2026;€280.000.00;0,00 €
Sikou Niakaté;Braga;Primeira_Liga;62.4;57.4;66.5;25.0;Mali, France;1,86m;left;6.000.000,00 €;Jun 30, 2028;€340.000.00;0,00 €
Marin Pongračić;Fiorentina;Serie_A;62.4;45.5;58.0;27.0;Croatia, Germany;1,93m;right;10.000.000,00 €;Jun 30, 2029;€2.690.000.00;0,00 €
Kristoffer Ajer;Brentford;EPL;62.3;49.0;55.3;27.0;Norway;1,98m;right;18.000.000,00 €;Jun 30, 2028;€2.466.819.00;0,00 €
Gaby Jean;Lecce;Serie_A;62.3;45.9;56.5;25.0;France;1,91m;left;2.000.000,00 €;Jun 30, 2027;€650.000.00;0,00 €
Mark McGuinness;Luton_Town;Championship;62.3;49.0;62.7;24.0;Ireland, England;1,94m;right;9.000.000,00 €;-;€1.233.409.00;0,00 €
Jorge Sáenz;Leganes;La_Liga;62.3;47.9;56.6;28.0;Spain;1,88m;right;1.200.000,00 €;Jun 30, 2025;;
Amos Pieper;Werder_Bremen;Bundesliga;62.2;49.5;58.2;27.0;Germany;1,92m;right;3.000.000,00 €;Jun 30, 2026;€600.000.00;0,00 €
Arouna Sangante;Le_Havre;Ligue_1;62.1;49.8;60.6;23.0;Senegal, Guinea-Bissau;1,89m;right;10.000.000,00 €;Jun 30, 2026;€420.000.00;0,00 €
Aaron Long;Los_Angeles_FC;MLS;62.1;48.0;64.3;32.0;United States;1,86m;right;2.000.000,00 €;Dec 31, 2027;€1.111.959.00;0,00 €
Max Geschwill;Holstein_Kiel;Bundesliga;62.0;51.4;60.0;23.0;Germany;1,85m;left;1.500.000,00 €;-;€200.000.00;0,00 €
Marco Rente;Groningen;Eredivisie;61.9;64.3;72.9;28.0;Germany;1,88m;right;0,00 €;Jun 30, 2027;€250.000.00;0,00 €
Jordan Storey;Preston_North_End;Championship;61.9;50.7;64.7;27.0;England;1,88m;right;3.800.000,00 €;Jun 30, 2028;€770.881.00;0,00 €
Emmanuel Biumla;Angers;Ligue_1;61.8;41.6;54.4;19.0;France, Cameroon;1,85m;right;4.000.000,00 €;Jun 30, 2027;€120.000.00;0,00 €
Sean McLoughlin;Hull_City;Championship;61.7;53.1;60.5;28.0;Ireland;1,91m;left;1.500.000,00 €;Jun 30, 2026;€616.705.00;0,00 €
Maxime Estève;Burnley;Championship;61.6;57.0;62.2;22.0;France;1,93m;left;18.000.000,00 €;Jun 30, 2029;€925.057.00;0,00 €
Nicolás Valentini;Hellas_Verona;Serie_A;61.5;45.3;52.2;24.0;Argentina, Italy;1,87m;left;4.500.000,00 €;Jun 30, 2025;€1.850.000.00;0,00 €
Bobby Thomas;Coventry_City;Championship;61.4;56.0;60.6;24.0;England;1,86m;right;2.500.000,00 €;Jun 30, 2027;€246.682.00;0,00 €
Joe Rodon;Leeds_United;Championship;61.4;60.9;61.5;27.0;Wales;1,93m;right;10.000.000,00 €;Jun 30, 2028;€2.466.819.00;0,00 €
Thiago Martins;New_York_City_FC;MLS;61.4;53.4;62.3;30.0;Brazil;1,85m;right;2.500.000,00 €;Dec 31, 2025;€1.765.350.00;0,00 €
Dominic Hyam;Blackburn_Rovers;Championship;61.3;51.7;56.8;29.0;Scotland, England;1,88m;right;2.000.000,00 €;Jun 30, 2026;€1.233.409.00;0,00 €
Gustaf Lagerbielke;Twente;Eredivisie;61.2;49.0;56.9;25.0;Sweden;1,93m;right;4.000.000,00 €;Jun 30, 2025;€720.000.00;0,00 €
Kevin Vogt;Union_Berlin;Bundesliga;61.2;47.3;57.6;33.0;Germany;1,94m;right;2.000.000,00 €;-;€1.100.000.00;0,00 €
Wouter Goes;AZ_Alkmaar;Eredivisie;61.1;56.0;60.3;20.0;Netherlands;1,85m;right;8.000.000,00 €;Jun 30, 2028;€360.000.00;0,00 €
Aitor Paredes;Athletic_Club;La_Liga;61.0;51.6;62.3;25.0;Spain;1,85m;right;22.000.000,00 €;Jun 30, 2029;€1.250.000.00;0,00 €
Julio Pleguezuelo;Plymouth_Argyle;Championship;61.0;44.7;55.6;28.0;Spain;1,80m;right;1.500.000,00 €;Jun 30, 2027;€616.705.00;0,00 €
Leopold Querfeld;Union_Berlin;Bundesliga;60.9;47.2;55.6;21.0;Austria;1,90m;right;7.000.000,00 €;-;€750.000.00;0,00 €
Nicksoen Gomis;Toronto_FC;MLS;60.9;45.4;56.5;23.0;France, Senegal;1,85m;left;0,00 €;Dec 31, 2025;€63.024.00;0,00 €
Jack Stephens;Southampton;EPL;60.8;50.4;54.0;31.0;England;1,85m;right;2.000.000,00 €;Jun 30, 2025;€2.775.171.00;0,00 €
Shawn Adewoye;Fortuna_Sittard;Eredivisie;60.8;50.6;61.9;24.0;Belgium, Nigeria;1,83m;right;1.600.000,00 €;Jun 30, 2026;€500.000.00;0,00 €
Leny Yoro;Manchester_United;EPL;60.8;49.0;57.0;19.0;France, Cote d'Ivoire;1,90m;right;55.000.000,00 €;Jun 30, 2029;;
Jannik Vestergaard;Leicester_City;EPL;60.8;46.5;57.5;32.0;Denmark, Germany;1,99m;both;3.000.000,00 €;Jun 30, 2027;€3.700.228.00;0,00 €
Stefan Posch;Bologna;Serie_A;60.6;44.5;50.5;;;;;;;;
Ben Wilmot;Stoke_City;Championship;60.6;57.5;60.5;25.0;England, Ireland;1,88m;right;4.800.000,00 €;Jun 30, 2026;€1.233.409.00;0,00 €
Michael Boxall;Minnesota_Utd;MLS;60.6;46.4;60.9;36.0;New Zealand, Samoa;1,88m;right;0,00 €;Dec 31, 2025;;
Roshon van Eijma;RKC_Waalwijk;Eredivisie;60.6;47.7;61.1;26.0;Curacao, Netherlands;1,86m;right;0,00 €;Jun 30, 2026;€320.000.00;0,00 €
Maya Yoshida;LA_Galaxy;MLS;60.6;53.5;69.8;36.0;Japan;1,89m;right;0,00 €;Dec 31, 2026;€706.140.00;0,00 €
Japhet Tanganga;Millwall;Championship;60.6;50.6;59.4;26.0;England, DR Congo;1,84m;right;1.800.000,00 €;-;€2.158.466.00;0,00 €
Thijmen Blokzijl;Groningen;Eredivisie;60.5;48.4;61.0;20.0;Netherlands;1,91m;right;1.500.000,00 €;Jun 30, 2026;€150.000.00;0,00 €
Thomas Beelen;Feyenoord;Eredivisie;60.5;58.6;64.0;23.0;Netherlands;1,90m;right;9.000.000,00 €;Jun 30, 2028;€780.000.00;0,00 €
Andrew Privett;Charlotte;MLS;60.3;48.9;55.6;24.0;United States;1,85m;;1.000.000,00 €;Dec 31, 2028;€63.024.00;0,00 €
Rodrigo Schlegel;Orlando_City;MLS;60.3;50.1;56.7;28.0;Argentina, Germany;1,84m;right;2.000.000,00 €;Dec 31, 2026;€308.936.00;0,00 €
Sean Nealis;NY_Red_Bulls;MLS;60.2;46.5;60.3;28.0;United States;1,93m;right;2.500.000,00 €;Dec 31, 2025;€397.204.00;0,00 €
Joel Waterman;CF_Montréal;MLS;60.0;51.4;67.0;29.0;Canada;1,88m;right;2.500.000,00 €;Dec 31, 2027;€296.579.00;0,00 €
Iván Márquez;NEC_Nijmegen;Eredivisie;60.0;46.5;59.2;30.0;Spain;1,91m;right;0,00 €;Jun 30, 2025;€450.000.00;0,00 €
David Zec;Holstein_Kiel;Bundesliga;60.0;44.1;56.4;25.0;Slovenia;1,90m;right;2.500.000,00 €;Jun 30, 2029;€380.000.00;0,00 €
Mats Hummels;Roma;Serie_A;60.0;44.2;56.1;36.0;Germany;1,91m;right;2.500.000,00 €;Jun 30, 2025;€3.700.000.00;0,00 €
Mattia Bani;Genoa;Serie_A;59.9;45.5;57.8;31.0;Italy;1,88m;right;2.000.000,00 €;Jun 30, 2026;€1.300.000.00;0,00 €
Derrick Williams;Atlanta_Utd;MLS;59.9;47.3;56.6;32.0;Ireland, United States;1,80m;left;0,00 €;Dec 31, 2025;€353.070.00;0,00 €
Marco Komenda;Holstein_Kiel;Bundesliga;59.8;48.2;48.8;28.0;Germany, Croatia;1,84m;left;0,00 €;Jun 30, 2026;€120.000.00;0,00 €
Eray Cömert;Valladolid;La_Liga;59.7;52.3;55.5;27.0;Switzerland, Türkiye;1,83m;right;2.500.000,00 €;Jun 30, 2025;€1.040.000.00;0,00 €
Aritz Elustondo;Real_Sociedad;La_Liga;59.7;46.5;53.1;31.0;Spain;1,80m;right;4.000.000,00 €;Jun 30, 2026;€2.200.000.00;60.000.000,00 €
Alexandre Penetra;AZ_Alkmaar;Eredivisie;59.7;59.5;63.2;23.0;Portugal;1,86m;right;7.000.000,00 €;Jun 30, 2028;€520.000.00;0,00 €
Pascal Struijk;Leeds_United;Championship;59.7;56.2;57.6;25.0;Netherlands, Belgium;1,90m;left;16.000.000,00 €;Jun 30, 2027;€3.083.523.00;0,00 €
Cameron Burgess;Ipswich_Town;EPL;59.6;45.1;55.7;29.0;Australia, Scotland;1,94m;left;2.500.000,00 €;Jun 30, 2025;;
Tomás Avilés;Inter_Miami;MLS;59.6;52.4;62.5;21.0;Argentina, Chile;1,86m;right;6.000.000,00 €;Dec 31, 2026;€339.826.00;0,00 €
Shane Duffy;Norwich_City;Championship;59.5;55.4;58.8;33.0;Ireland, Northern Ireland;1,93m;right;0,00 €;Jun 30, 2026;€2.158.466.00;0,00 €
Bram Nuytinck;NEC_Nijmegen;Eredivisie;59.4;45.3;54.7;35.0;Netherlands;1,91m;left;0,00 €;Jun 30, 2026;€980.000.00;0,00 €
Tosin Adarabioyo;Chelsea;EPL;59.2;47.3;53.7;27.0;England, Nigeria;1,97m;right;20.000.000,00 €;Jun 30, 2028;;
Harry Darling;Swansea_City;Championship;59.1;56.5;57.3;25.0;England;1,89m;right;2.500.000,00 €;Jun 30, 2025;€1.185.970.00;0,00 €
Raúl Albiol;Villareal;La_Liga;59.1;43.6;53.1;39.0;Spain;1,90m;right;1.300.000,00 €;Jun 30, 2025;;
Andreas Hanche-Olsen;Mainz_05;Bundesliga;59.1;40.6;50.8;28.0;Norway;1,85m;right;6.000.000,00 €;Jun 30, 2026;€1.200.000.00;0,00 €
Abakar Sylla;Strasbourg;Ligue_1;59.0;42.0;52.4;22.0;Cote d'Ivoire;1,88m;left;12.000.000,00 €;Jun 30, 2028;€900.000.00;0,00 €
Max Rosenfelder;Freiburg;Bundesliga;58.8;42.2;50.3;22.0;Germany;1,86m;right;4.000.000,00 €;-;€180.000.00;0,00 €
Ben Davies;Tottenham_Hotspur;EPL;58.8;49.6;53.1;32.0;Wales;1,81m;left;8.000.000,00 €;Jun 30, 2025;€4.933.637.00;0,00 €
Josh Bauer;Nashville_SC;MLS;58.6;44.2;55.1;26.0;United States;1,85m;;0,00 €;Dec 31, 2026;€83.150.00;0,00 €
José Fonte;Casa_Pia;Primeira_Liga;58.6;44.4;58.0;41.0;Portugal;1,91m;right;0,00 €;Jun 30, 2025;€580.000.00;0,00 €
Luke McNally;Bristol_City;Championship;58.5;45.9;56.6;25.0;Ireland;1,93m;right;3.200.000,00 €;Jun 30, 2028;€1.233.409.00;0,00 €
Ricardo Visus;Almere_City;Eredivisie;58.4;55.4;67.0;24.0;Spain;1,92m;right;0,00 €;Jun 30, 2025;€180.000.00;0,00 €
Erik Sviatchenko;Houston_Dynamo;MLS;58.4;51.7;58.0;33.0;Denmark, Ukraine;1,85m;right;1.000.000,00 €;Dec 31, 2026;€684.070.00;0,00 €
Renato Veiga;Juventus;Serie_A;58.3;43.8;51.4;21.00;Portugal;1,90m;left;18.000.000,00 €;Jun 30, 2025;€1.480.000.00;0,00 €
Sigurd Rosted;Toronto_FC;MLS;58.2;47.0;55.6;30.0;Norway;1,90m;right;0,00 €;Dec 31, 2025;€662.006.00;0,00 €
Jack Maher;Nashville_SC;MLS;58.2;48.3;57.6;25.0;United States;1,88m;;2.000.000,00 €;Dec 31, 2027;€617.873.00;0,00 €
Liam Lindsay;Preston_North_End;Championship;58.2;46.5;60.6;29.0;Scotland;1,91m;right;2.000.000,00 €;Jun 30, 2027;€925.057.00;0,00 €
Alfie Jones;Hull_City;Championship;58.2;53.1;59.4;27.0;England;1,91m;right;4.000.000,00 €;Jun 30, 2026;€740.046.00;0,00 €
Jack Robinson;Sheffield_United;Championship;58.1;49.7;54.6;31.0;England;1,80m;left;0,00 €;Jun 30, 2025;€1.541.762.00;0,00 €
Fernando Álvarez;CF_Montréal;MLS;58.0;46.3;58.0;21.0;Colombia, United States;1,88m;left;1.000.000,00 €;Dec 31, 2025;€198.602.00;0,00 €
Lautaro Valenti;Parma;Serie_A;57.7;41.5;53.0;26.0;Argentina, Italy;1,88m;left;1.500.000,00 €;Jun 30, 2027;€770.000.00;0,00 €
Paulo Oliveira;Braga;Primeira_Liga;57.6;50.0;58.5;33.0;Portugal;1,87m;right;1.000.000,00 €;Jun 30, 2025;€400.000.00;0,00 €
Ciaron Brown;Oxford_United;Championship;57.6;51.1;61.4;27.0;Northern Ireland, England;1,85m;left;0,00 €;Jun 30, 2025;€215.847.00;0,00 €
Julio Cascante;Austin;MLS;57.6;50.0;55.2;31.0;Costa Rica;1,85m;right;1.800.000,00 €;Dec 31, 2025;€617.873.00;0,00 €
Jake Cooper;Millwall;Championship;57.5;49.5;53.2;30.0;England;1,99m;left;2.500.000,00 €;-;€711.582.00;0,00 €
Radu Drăgușin;Tottenham_Hotspur;EPL;57.4;46.6;56.8;23.0;Romania;1,91m;right;25.000.000,00 €;Jun 30, 2030;€5.241.990.00;0,00 €
Andreas Maxsø;Colorado_Rapids;MLS;57.4;46.9;57.4;31.0;Denmark;1,90m;both;1.800.000,00 €;Dec 31, 2025;€1.015.076.00;0,00 €
Mikel Villanueva;Vitoria_Guimaraes;Primeira_Liga;57.4;46.5;52.3;32.0;Venezuela, Spain;1,90m;left;1.500.000,00 €;Jun 30, 2025;€380.000.00;0,00 €
Gerrit Nauber;Go_Ahead_Eag;Eredivisie;57.3;47.5;55.2;33.0;Germany;1,86m;right;0,00 €;Jun 30, 2026;€240.000.00;0,00 €
Joe Gomez;Liverpool;EPL;57.1;43.5;49.6;27.0;England, The Gambia;1,88m;right;25.000.000,00 €;Jun 30, 2027;€5.241.990.00;0,00 €
Lilian Brassier;Rennes;Ligue_1;57.1;50.6;58.8;25.0;France, Togo;1,86m;left;10.000.000,00 €;Jun 30, 2025;€1.820.000.00;0,00 €
Niklas Süle;Dortmund;Bundesliga;57.0;42.1;49.4;29.0;Germany;1,95m;right;8.000.000,00 €;Jun 30, 2026;€10.000.000.00;0,00 €
Walker Zimmerman;Nashville_SC;MLS;57.0;50.1;61.5;31.0;United States;1,90m;right;3.000.000,00 €;Dec 31, 2025;€2.824.560.00;0,00 €
El Chadaille Bitshiabu;RB_Leipzig;Bundesliga;56.9;46.3;50.4;19.0;France, DR Congo;1,96m;left;12.000.000,00 €;Jun 30, 2028;€1.800.000.00;0,00 €
Max Bruns;Twente;Eredivisie;56.9;48.9;58.3;22.0;Netherlands;1,86m;right;3.000.000,00 €;Jun 30, 2026;€150.000.00;0,00 €
Jérémy Jacquet;Rennes;Ligue_1;56.8;48.9;56.8;19.0;France, Guadeloupe;1,90m;right;5.000.000,00 €;Jun 30, 2027;€240.000.00;0,00 €
Flavius Daniliuc;Hellas_Verona;Serie_A;56.8;40.8;49.2;24.0;Austria;1,88m;right;4.000.000,00 €;Jun 30, 2025;€640.000.00;0,00 €
Marco Moreno;Farense;Primeira_Liga;56.6;51.0;59.5;24.0;Spain;1,91m;right;0,00 €;Jun 30, 2027;€250.000.00;0,00 €
Sebastien Ibeagha;FC_Dallas;MLS;56.5;47.3;58.5;33.0;United States, Nigeria;1,89m;right;0,00 €;Dec 31, 2025;€547.259.00;0,00 €
Craig Dawson;Wolverhampton_Wanderers;EPL;56.5;44.5;50.0;34.0;England;1,88m;right;2.000.000,00 €;Jun 30, 2025;€2.775.171.00;0,00 €
Francisco Sierralta;Watford;Championship;56.5;41.7;52.9;27.0;Chile, Spain;1,92m;right;1.500.000,00 €;Jun 30, 2027;€581.126.00;0,00 €
Rav van den Berg;Middlesbrough;Championship;56.4;47.8;54.7;20.0;Netherlands;1,91m;right;4.000.000,00 €;Jun 30, 2027;€123.341.00;0,00 €
Miguel Araujo;Portland_Timbers;MLS;56.4;44.3;53.6;30.0;Peru;1,81m;right;0,00 €;Dec 31, 2025;€485.471.00;0,00 €
Conor Coady;Leicester_City;EPL;56.3;44.1;52.2;32.0;England;1,85m;right;3.000.000,00 €;Jun 30, 2026;€4.625.285.00;0,00 €
José Luis Palomino;Cagliari;Serie_A;56.2;42.9;52.0;35.0;Argentina, Bulgaria;1,88m;left;0,00 €;Jun 30, 2025;€1.110.000.00;0,00 €
Liam Kitching;Coventry_City;Championship;56.1;46.0;50.1;25.0;England, Ireland;1,86m;left;3.800.000,00 €;Jun 30, 2027;€246.682.00;0,00 €
Axel Witsel;Atletico_Madrid;La_Liga;56.0;41.7;48.2;36.0;Belgium, Martinique;1,86m;right;2.500.000,00 €;Jun 30, 2025;€8.330.000.00;0,00 €
Alidu Seidu;Rennes;Ligue_1;56.0;45.8;54.4;24.0;Ghana;1,73m;right;9.000.000,00 €;Jun 30, 2029;€900.000.00;0,00 €
Kamal Miller;Portland_Timbers;MLS;55.9;45.7;56.7;27.0;Canada, Jamaica;1,83m;left;2.800.000,00 €;Dec 31, 2026;€655.386.00;0,00 €
Jonathan Panzo;Rio_Ave;Primeira_Liga;55.9;44.3;51.6;24.0;England, Cote d'Ivoire;1,88m;left;1.200.000,00 €;Jun 30, 2025;€380.000.00;0,00 €
Tim Parker;St_Louis;MLS;55.8;45.9;55.3;;;;;;;;
Yunis Abdelhamid;Saint_Etienne;Ligue_1;55.7;40.9;53.5;37.0;Morocco, France;1,90m;left;0,00 €;Jun 30, 2025;€1.090.000.00;0,00 €
Nkosi Tafari;FC_Dallas;MLS;55.7;48.5;55.6;;;;;;;;
James Lawrence;Almere_City;Eredivisie;55.5;46.4;54.8;32.0;Wales, England;1,88m;left;0,00 €;Jun 30, 2025;€400.000.00;0,00 €
Bright Arrey-Mbi;Braga;Primeira_Liga;55.5;41.6;50.2;22.0;Germany, England;1,87m;left;6.000.000,00 €;Jun 30, 2029;€960.000.00;50.000.000,00 €
Luke Woolfenden;Ipswich_Town;EPL;55.4;43.6;54.6;26.0;England;1,93m;right;2.000.000,00 €;Jun 30, 2027;;
Marvin Friedrich;Monchengladbach;Bundesliga;55.4;38.5;49.0;29.0;Germany;1,93m;right;3.500.000,00 €;Jun 30, 2026;€2.000.000.00;0,00 €
Robert Voloder;Sporting_KC;MLS;55.3;48.5;56.1;23.0;Germany, Bosnia-Herzegovina;1,85m;left;1.000.000,00 €;Dec 31, 2025;€397.204.00;0,00 €
Lloyd Kelly;Juventus;Serie_A;55.3;40.6;47.6;26.0;England, Jamaica;1,89m;left;18.000.000,00 €;Jun 30, 2025;€2.220.000.00;0,00 €
Odilon Kossounou;Atalanta;Serie_A;55.3;43.0;50.7;24.0;Cote d'Ivoire;1,91m;right;25.000.000,00 €;Jun 30, 2025;€1.850.000.00;0,00 €
Éder Militão;Real_Madrid;La_Liga;55.3;49.9;50.7;27.0;Brazil, Spain;1,86m;right;40.000.000,00 €;Jun 30, 2028;€14.580.000.00;1.000.000.000,00 €
Karol Mets;St_Pauli;Bundesliga;55.2;44.6;50.5;31.0;Estonia;1,91m;left;1.300.000,00 €;Jun 30, 2026;€310.000.00;0,00 €
Ryan Porteous;Watford;Championship;55.1;42.4;52.9;;;;;;;;
Finn Jeltsch;Stuttgart;Bundesliga;55.0;40.3;47.9;18.0;Germany;1,88m;right;12.000.000,00 €;Jun 30, 2030;€660.000.00;0,00 €
Kornél Szűcs;Plymouth_Argyle;Championship;55.0;42.5;52.3;23.0;Hungary;1,90m;right;0,00 €;-;€92.506.00;0,00 €
Christian Kabasele;Udinese;Serie_A;54.8;45.5;49.6;34.0;Belgium, DR Congo;1,87m;right;1.000.000,00 €;Jun 30, 2025;€1.670.000.00;0,00 €
Charlie Hughes;Hull_City;Championship;54.8;52.1;55.7;21.0;England;1,85m;right;3.500.000,00 €;Jun 30, 2028;€308.352.00;0,00 €
George Edmundson;Middlesbrough;Championship;54.5;45.3;52.3;27.0;England;1,90m;right;0,00 €;Jun 30, 2027;€925.057.00;0,00 €
Ruben Kluivert;Casa_Pia;Primeira_Liga;54.5;42.3;50.7;23.0;Netherlands, Suriname;1,87m;right;0,00 €;Jun 30, 2027;€150.000.00;0,00 €
Alessandro Vogliacco;Genoa;Serie_A;54.5;42.0;47.5;;;;;;;;
César Azpilicueta;Atletico_Madrid;La_Liga;54.4;42.7;45.2;35.0;Spain;1,78m;right;1.800.000,00 €;Jun 30, 2025;€8.000.000.00;0,00 €
Luca Marianucci;Empoli;Serie_A;54.4;43.5;50.2;20.0;Italy;1,86m;right;5.000.000,00 €;-;€130.000.00;0,00 €
Lilian Brassier;Marseille;Ligue_1;54.4;42.5;51.4;;;;;;;;
Adam Webster;Brighton_and_Hove_Albion;EPL;54.4;42.1;51.3;30.0;England;1,90m;right;12.000.000,00 €;Jun 30, 2026;€3.391.876.00;0,00 €
Micky van de Ven;Tottenham_Hotspur;EPL;54.2;44.4;51.1;24.0;Netherlands;1,93m;left;55.000.000,00 €;Jun 30, 2029;€3.083.523.00;0,00 €
Mason Holgate;West_Bromwich_Albion;Championship;54.0;41.8;52.2;28.0;Jamaica, England;1,87m;right;4.500.000,00 €;May 31, 2025;€3.083.523.00;0,00 €
Pablo Marí;Fiorentina;Serie_A;54.0;37.9;51.6;31.0;Spain;1,93m;left;3.500.000,00 €;Jun 30, 2027;€2.050.000.00;0,00 €
Juan Berrocal;Getafe;La_Liga;54.0;38.8;49.2;26.0;Spain;1,87m;both;1.800.000,00 €;Jun 30, 2027;€520.000.00;0,00 €
Andreas Ntoi;Rio_Ave;Primeira_Liga;54.0;42.8;49.4;22.0;Greece, Albania;1,90m;right;4.500.000,00 €;Jun 30, 2025;€350.000.00;0,00 €
Di'Shon Bernard;Sheffield_Wednesday;Championship;54.0;41.6;53.2;24.0;Jamaica, England;1,88m;right;1.500.000,00 €;Jun 30, 2027;€616.705.00;0,00 €
Birk Risa;New_York_City_FC;MLS;54.0;46.7;51.6;27.0;Norway;1,88m;left;1.500.000,00 €;Dec 31, 2025;€582.566.00;0,00 €
Kyle Bartley;West_Bromwich_Albion;Championship;53.9;47.4;53.8;33.0;England, Jamaica;1,94m;right;0,00 €;Jun 30, 2026;€925.057.00;0,00 €
David Torres;Valladolid;La_Liga;53.8;42.9;50.1;22.0;Spain;1,82m;left;1.400.000,00 €;Jun 30, 2026;€270.000.00;0,00 €
Robin Jansson;Orlando_City;MLS;53.7;47.4;58.1;33.0;Sweden;1,87m;left;0,00 €;Dec 31, 2025;€750.274.00;0,00 €
Olivier Aertssen;Zwolle;Eredivisie;53.7;43.3;50.2;20.0;Netherlands;1,85m;right;0,00 €;Jun 30, 2027;€240.000.00;0,00 €
Regan Poole;Portsmouth;Championship;53.7;46.1;54.5;26.0;Wales;1,80m;right;0,00 €;Jun 30, 2027;€308.352.00;0,00 €
Josué Sá;Gil_Vicente_FC;Primeira_Liga;53.7;43.8;45.7;32.0;Portugal;1,87m;right;0,00 €;Jun 30, 2027;€150.000.00;0,00 €
Tanguy Nianzou;Sevilla;La_Liga;53.7;35.7;48.5;22.0;France, Cote d'Ivoire;1,91m;right;3.000.000,00 €;Jun 30, 2027;€4.170.000.00;90.000.000,00 €
Lewis Gibson;Plymouth_Argyle;Championship;53.7;44.7;51.2;;;;;;;;
Jaydee Canvot;Toulouse;Ligue_1;53.6;43.6;50.5;18.0;France;1,88m;right;2.500.000,00 €;Jun 30, 2029;;
Yarek Gasiorowski;Valencia;La_Liga;53.6;44.3;54.4;20.0;Spain, Poland;1,92m;left;12.000.000,00 €;Jun 30, 2027;€620.000.00;0,00 €
Curtis Nelson;Derby_County;Championship;53.6;43.1;52.0;31.0;England;1,83m;right;0,00 €;Jun 30, 2026;€308.352.00;0,00 €
Anthony Rouault;Rennes;Ligue_1;53.5;40.8;50.0;23.0;France;1,86m;right;10.000.000,00 €;Jun 30, 2029;€1.280.000.00;0,00 €
Joakim Nilsson;St_Louis;MLS;53.5;42.3;51.2;31.0;Sweden;1,87m;left;2.000.000,00 €;Dec 31, 2026;€1.001.836.00;0,00 €
Tyrone Mings;Aston_Villa;EPL;53.2;45.0;50.2;32.0;England;1,96m;left;6.000.000,00 €;Jun 30, 2026;;
Aleksandar Sedlar;Alaves;La_Liga;53.2;40.2;45.6;33.0;Serbia;1,80m;right;0,00 €;Jun 30, 2025;€730.000.00;0,00 €
Erik Schouten;Willem_II;Eredivisie;53.1;40.1;48.2;33.0;Netherlands;1,82m;right;0,00 €;Jun 30, 2025;€240.000.00;0,00 €
Carlos Terán;Chicago_Fire;MLS;53.0;43.3;52.3;24.0;Colombia;1,88m;right;2.000.000,00 €;Dec 31, 2026;€466.935.00;0,00 €
Trevoh Chalobah;Chelsea;EPL;53.0;41.4;47.9;25.0;England, Sierra Leone;1,92m;right;17.000.000,00 €;Jun 30, 2028;€3.083.523.00;0,00 €
Danny Batth;Blackburn_Rovers;Championship;52.9;46.6;54.3;34.0;England, India;1,91m;right;0,00 €;Jun 30, 2025;€616.705.00;0,00 €
Brendan Hines-Ike;Austin;MLS;52.9;49.2;48.1;30.0;United States;1,85m;right;0,00 €;Dec 31, 2025;€176.528.00;0,00 €
Dario Van den Buijs;RKC_Waalwijk;Eredivisie;52.8;46.4;50.4;29.0;Belgium;1,87m;left;0,00 €;Jun 30, 2025;€150.000.00;0,00 €
Juanpe;Girona;La_Liga;52.8;43.3;47.3;34.0;Spain;1,90m;right;0,00 €;Jun 30, 2025;€600.000.00;0,00 €
Lewis Gibson;Preston_North_End;Championship;52.6;40.6;49.3;24.0;England;1,85m;left;1.800.000,00 €;Jun 30, 2028;€770.881.00;0,00 €
Patric;Lazio;Serie_A;52.6;40.7;45.7;32.0;Spain;1,84m;right;4.000.000,00 €;Jun 30, 2027;€2.220.000.00;0,00 €
Philippe Sandler;NEC_Nijmegen;Eredivisie;52.6;47.0;51.5;28.0;Netherlands, United States;1,90m;right;2.500.000,00 €;Jun 30, 2029;€580.000.00;0,00 €
Andrew Omobamidele;Strasbourg;Ligue_1;52.5;38.1;48.4;22.0;Ireland, Nigeria;1,88m;right;10.000.000,00 €;Jun 30, 2025;€1.500.000.00;0,00 €
Aridane Hernández;Rayo_Vallecano;La_Liga;52.4;40.0;46.2;36.0;Spain;1,88m;right;0,00 €;Jun 30, 2025;€460.000.00;0,00 €
Victor Pálsson;Plymouth_Argyle;Championship;52.4;40.6;51.6;34.0;Iceland, Portugal;1,86m;right;0,00 €;-;€616.705.00;0,00 €
Kyle Hiebert;St_Louis;MLS;52.3;39.3;48.2;27.0;Canada;1,83m;;1.500.000,00 €;Dec 31, 2026;€141.224.00;0,00 €
Elliott Moore;Oxford_United;Championship;52.1;36.9;48.4;28.0;England;1,96m;right;0,00 €;-;€272.773.00;0,00 €
Steve Cook;Queens_Park_Rangers;Championship;52.1;45.3;50.9;34.0;England;1,85m;right;0,00 €;Jun 30, 2025;€1.850.114.00;0,00 €
Rasmus Nicolaisen;Toulouse;Ligue_1;52.1;40.5;50.3;28.0;Denmark;1,91m;left;5.000.000,00 €;Jun 30, 2025;€550.000.00;0,00 €
Michael Keane;Everton;EPL;52.0;44.0;47.2;32.0;England, Ireland;1,88m;right;6.000.000,00 €;Jun 30, 2025;€4.933.637.00;0,00 €
Tim Siersleben;Heidenheim;Bundesliga;52.0;42.8;48.5;25.0;Germany;1,87m;left;1.500.000,00 €;Jun 30, 2026;€600.000.00;0,00 €
Michael Ihiekwe;Sheffield_Wednesday;Championship;51.9;38.7;49.3;32.0;England, Nigeria;1,85m;right;0,00 €;-;€936.917.00;0,00 €
Jakub Kiwior;Arsenal;EPL;51.8;40.8;44.2;25.0;Poland;1,89m;left;22.000.000,00 €;Jun 30, 2028;€3.576.887.00;0,00 €
Giovanni Leoni;Parma;Serie_A;51.8;41.2;49.8;18.0;Italy;1,96m;right;6.000.000,00 €;Jun 30, 2029;€560.000.00;0,00 €
Daniel Steres;Houston_Dynamo;MLS;51.8;40.8;45.1;34.0;United States;1,83m;right;0,00 €;Dec 31, 2025;€397.204.00;0,00 €
Tristan Crama;Millwall;Championship;51.7;39.5;51.6;23.0;France;1,92m;right;0,00 €;Jun 30, 2028;€462.528.00;0,00 €
Matt Miazga;FC_Cincinnati;MLS;51.7;38.8;47.8;29.0;United States, Poland;1,93m;right;2.500.000,00 €;Dec 31, 2025;€1.346.080.00;0,00 €
Igor;Brighton_and_Hove_Albion;EPL;51.6;42.5;47.0;27.0;Brazil;1,88m;left;22.000.000,00 €;Jun 30, 2027;€2.775.171.00;0,00 €
Eric Bailly;Villareal;La_Liga;51.6;38.2;45.0;31.0;Cote d'Ivoire;1,87m;right;2.500.000,00 €;Jun 30, 2025;;
Anrie Chase;Stuttgart;Bundesliga;51.5;41.3;46.8;21.0;Japan, United States;1,88m;right;4.000.000,00 €;-;€120.000.00;0,00 €
Jon Pacheco;Real_Sociedad;La_Liga;51.5;42.1;46.6;24.0;Spain;1,84m;left;7.500.000,00 €;Jun 30, 2030;€1.040.000.00;0,00 €
Sebastiaan Bornauw;Wolfsburg;Bundesliga;51.5;39.0;48.0;26.0;Belgium;1,91m;right;7.000.000,00 €;Jun 30, 2026;€2.820.000.00;0,00 €
Tanner Beason;SJ_Earthquakes;MLS;51.5;40.3;49.8;;;;;;;;
Ronnie Edwards;Queens_Park_Rangers;Championship;51.3;42.9;51.0;22.0;England;1,85m;right;3.800.000,00 €;May 31, 2025;€925.057.00;0,00 €
Nicolò Casale;Bologna;Serie_A;51.3;41.5;48.9;27.0;Italy;1,91m;right;7.000.000,00 €;Jun 30, 2025;€1.850.000.00;0,00 €
Luis Binks;Coventry_City;Championship;51.2;49.5;49.8;23.0;England, Scotland;1,90m;left;2.200.000,00 €;Jun 30, 2028;€1.850.114.00;0,00 €
Issiar Dramé;Estrela;Primeira_Liga;51.1;39.6;51.5;26.0;Mali, France;1,97m;right;0,00 €;Jun 30, 2027;€150.000.00;0,00 €
Gernot Trauner;Feyenoord;Eredivisie;51.0;49.9;53.8;33.0;Austria;1,83m;right;3.000.000,00 €;Jun 30, 2026;€900.000.00;0,00 €
Ashley Phillips;Stoke_City;Championship;50.9;40.8;52.1;19.0;England, Wales;1,96m;right;2.200.000,00 €;May 31, 2025;€925.057.00;0,00 €
Nathan Aké;Manchester_City;EPL;50.8;41.2;45.2;30.0;Netherlands, Cote d'Ivoire;1,80m;left;32.000.000,00 €;Jun 30, 2027;;
Samuel Gigot;Lazio;Serie_A;50.8;37.0;48.0;31.0;France;1,87m;right;4.000.000,00 €;Jun 30, 2025;€4.070.000.00;0,00 €
Sidoine Fogning;Boavista;Primeira_Liga;50.8;37.9;45.1;23.0;Cameroon;1,95m;left;0,00 €;Jun 30, 2028;;
Pau Navarro;Villareal;La_Liga;50.8;40.0;42.6;20.0;Spain;1,85m;right;1.000.000,00 €;Jun 30, 2030;;
Hayden Carter;Blackburn_Rovers;Championship;50.7;40.5;47.5;25.0;England;1,88m;right;2.500.000,00 €;Jun 30, 2027;€462.528.00;0,00 €
Ben Gibson;Stoke_City;Championship;50.7;41.7;47.8;32.0;England;1,85m;left;1.000.000,00 €;Jun 30, 2027;€2.158.466.00;0,00 €
John Stones;Manchester_City;EPL;50.5;41.5;44.9;30.0;England;1,88m;right;30.000.000,00 €;Jun 30, 2026;;
Joey Jacobs;Almere_City;Eredivisie;50.5;39.8;48.3;25.0;Netherlands;1,87m;right;0,00 €;Jun 30, 2025;€150.000.00;0,00 €
Jalen Neal;LA_Galaxy;MLS;50.3;41.4;46.4;;;;;;;;
Noah Cobb;Atlanta_Utd;MLS;49.8;40.8;44.4;19.0;United States;1,85m;;1.200.000,00 €;Dec 31, 2026;€79.190.00;0,00 €
Maxime Chanot;Los_Angeles_FC;MLS;49.8;40.4;49.4;35.0;Luxembourg, France;1,86m;right;0,00 €;Dec 31, 2025;€194.189.00;0,00 €
Jack Whatmough;Preston_North_End;Championship;49.7;38.8;45.2;28.0;England;1,84m;right;1.200.000,00 €;Jun 30, 2026;€616.705.00;0,00 €
Willy Kambwala;Villareal;La_Liga;49.7;37.7;44.4;20.0;France, DR Congo;1,92m;right;4.000.000,00 €;Jun 30, 2029;;
Alessandro Vogliacco;Parma;Serie_A;49.5;39.9;44.9;26.0;Italy;1,86m;right;2.000.000,00 €;Jun 30, 2025;€930.000.00;0,00 €
Abdukodir Khusanov;Manchester_City;EPL;49.5;36.5;44.9;21.0;Uzbekistan;1,86m;right;35.000.000,00 €;Jun 30, 2029;;
Alan Matturro;Genoa;Serie_A;49.5;38.7;47.1;20.0;Uruguay, Italy;1,89m;left;8.000.000,00 €;Jun 30, 2026;€510.000.00;0,00 €
Teden Mengi;Luton_Town;Championship;49.3;42.4;49.2;23.0;England, Angola;1,86m;right;8.000.000,00 €;-;€616.705.00;0,00 €
Luca Caldirola;Monza;Serie_A;49.2;38.4;46.0;34.0;Italy;1,86m;left;0,00 €;Jun 30, 2025;€1.260.000.00;0,00 €
Maxim Leitsch;Mainz_05;Bundesliga;49.0;38.4;45.8;26.0;Germany;1,89m;left;2.000.000,00 €;Jun 30, 2026;€960.000.00;0,00 €
Eddie Segura;Los_Angeles_FC;MLS;48.9;40.8;48.6;28.0;Colombia;1,78m;right;1.200.000,00 €;Dec 31, 2026;€220.669.00;0,00 €
Unai Núñez;Athletic_Club;La_Liga;48.8;42.8;48.2;28.0;Spain;1,86m;right;3.000.000,00 €;Jun 30, 2025;€1.700.000.00;0,00 €
Henry Kessler;NE_Revolution;MLS;48.6;38.4;46.7;;;;;;;;
Mauricio Pineda;Chicago_Fire;MLS;48.5;39.1;44.6;27.0;United States, Mexico;1,85m;right;1.200.000,00 €;Dec 31, 2026;€304.523.00;0,00 €
Robson Bambu;Braga;Primeira_Liga;48.5;39.8;43.0;27.0;Brazil;1,85m;right;3.000.000,00 €;Jun 30, 2028;€770.000.00;0,00 €
Morato;Nottingham_Forest;EPL;48.2;36.8;44.9;23.0;Brazil;1,92m;left;15.000.000,00 €;Jun 30, 2029;;
Finn Stam;Groningen;Eredivisie;47.8;38.6;44.1;22.0;Netherlands;1,88m;right;0,00 €;Jun 30, 2025;€240.000.00;0,00 €
Nikola Maksimović;Montpellier;Ligue_1;47.8;39.2;43.6;33.0;Serbia;1,93m;right;0,00 €;-;€900.000.00;0,00 €
David Brekalo;Orlando_City;MLS;47.7;39.1;45.6;26.0;Slovenia;1,88m;right;3.000.000,00 €;Dec 31, 2027;€529.605.00;0,00 €
Dominic Iorfa;Sheffield_Wednesday;Championship;47.4;36.5;45.0;29.0;England, Nigeria;1,88m;right;0,00 €;Jun 30, 2026;€1.233.409.00;0,00 €
Daniel Ballard;Sunderland;Championship;47.4;38.0;43.7;25.0;Northern Ireland, England;1,87m;right;4.000.000,00 €;Jun 30, 2028;€1.541.762.00;0,00 €
Filipe Relvas;Vitoria_Guimaraes;Primeira_Liga;47.4;37.6;44.1;25.0;Portugal;1,92m;left;2.000.000,00 €;Jun 30, 2028;€300.000.00;0,00 €
Cherrion Valerius;NAC_Breda;Eredivisie;47.3;37.8;45.3;19.0;Curacao, Netherlands;1,92m;right;0,00 €;Jun 30, 2027;€70.000.00;0,00 €
Lalas Abubakar;Colorado_Rapids;MLS;47.1;39.1;46.8;;;;;;;;
Rick Meissen;Sparta_R'dam;Eredivisie;47.0;39.8;45.4;23.0;Netherlands;1,90m;right;0,00 €;Jun 30, 2026;€150.000.00;0,00 €
Alec Van Hoorenbeeck;Twente;Eredivisie;46.8;39.1;43.3;26.0;Belgium;1,87m;left;0,00 €;Jun 30, 2026;€150.000.00;0,00 €
Hjalmar Ekdal;Groningen;Eredivisie;46.6;38.0;42.9;26.0;Sweden;1,87m;right;5.000.000,00 €;Jun 30, 2025;€1.180.000.00;0,00 €
Daniele Rugani;Ajax;Eredivisie;46.6;38.0;43.9;30.0;Italy;1,90m;right;3.500.000,00 €;Jun 30, 2025;€3.920.000.00;0,00 €
Joseph Aidoo;Valladolid;La_Liga;46.6;37.1;42.5;29.0;Ghana;1,81m;right;1.400.000,00 €;Jun 30, 2025;€1.600.000.00;0,00 €
Michael Rose;Stoke_City;Championship;46.6;37.3;43.9;29.0;Scotland;1,88m;right;0,00 €;Jun 30, 2025;€616.705.00;0,00 €
Teo Quintero;Sparta_R'dam;Eredivisie;46.4;36.9;42.7;26.0;Venezuela, Spain;1,88m;left;0,00 €;Jun 30, 2027;€300.000.00;0,00 €
Terence Kongolo;NAC_Breda;Eredivisie;46.4;36.2;45.8;31.0;Netherlands, DR Congo;1,88m;left;0,00 €;Jun 30, 2026;€590.000.00;0,00 €
Dael Fry;Middlesbrough;Championship;46.2;38.1;45.5;27.0;England;1,90m;right;4.500.000,00 €;Jun 30, 2026;€343.931.00;0,00 €
Iván Marcano;Porto;Primeira_Liga;46.0;40.0;43.7;37.0;Spain;1,89m;left;0,00 €;Jun 30, 2025;€1.900.000.00;0,00 €
Óscar Rivas;Vitoria_Guimaraes;Primeira_Liga;45.8;38.3;44.0;25.0;Spain;1,93m;both;0,00 €;Jun 30, 2028;€200.000.00;0,00 €
James Abankwah;Watford;Championship;45.5;38.9;42.9;21.0;Ireland, Ghana;1,88m;right;0,00 €;Jun 30, 2025;€123.341.00;0,00 €
Semi Ajayi;West_Bromwich_Albion;Championship;45.5;39.8;42.4;31.0;Nigeria, England;1,93m;right;1.200.000,00 €;Jun 30, 2025;€1.019.935.00;0,00 €
Renato Pantalon;Rio_Ave;Primeira_Liga;45.4;38.1;42.6;;;;;;;;
Sondre Langås;Derby_County;Championship;45.3;35.8;41.9;24.0;Norway;1,90m;right;3.500.000,00 €;Jun 30, 2029;€616.705.00;0,00 €
Nelson Abbey;Rio_Ave;Primeira_Liga;45.2;34.5;40.9;21.0;England, Nigeria;1,87m;left;0,00 €;Jun 30, 2025;€400.000.00;0,00 €
Daniel Munie;SJ_Earthquakes;MLS;45.0;36.4;44.4;25.0;United States;1,83m;right;0,00 €;Dec 31, 2025;€63.024.00;0,00 €
Jesper Daland;Cardiff_City;Championship;44.9;36.3;41.6;25.0;Norway;1,91m;right;4.000.000,00 €;Jun 30, 2028;€986.727.00;0,00 €
Ethan Bartlow;Houston_Dynamo;MLS;44.9;37.6;40.3;25.0;United States;1,83m;;0,00 €;Dec 31, 2025;€220.669.00;0,00 €
Liam Morrison;Queens_Park_Rangers;Championship;44.8;35.8;42.6;22.0;Scotland;1,83m;right;0,00 €;-;€308.352.00;0,00 €
Chidozie Awaziem;FC_Cincinnati;MLS;44.6;36.5;41.2;;;;;;;;
Sergi Gómez;Espanyol;La_Liga;44.2;35.7;41.7;33.0;Spain;1,85m;right;0,00 €;Jun 30, 2025;€1.660.000.00;0,00 €
Léo Santos;Nacional;Primeira_Liga;44.0;33.6;41.5;26.0;Brazil;1,86m;right;0,00 €;Jun 30, 2027;€280.000.00;0,00 €
Kipp Keller;FC_Cincinnati;MLS;44.0;36.4;41.9;;;;;;;;
Will Fish;Cardiff_City;Championship;44.0;38.4;43.2;22.0;England;1,85m;right;0,00 €;Jun 30, 2028;€431.693.00;0,00 €
Tiago Djaló;Porto;Primeira_Liga;44.0;37.7;40.7;25.0;Portugal, Guinea-Bissau;1,90m;right;10.000.000,00 €;Jun 30, 2025;€2.310.000.00;0,00 €
Luis Abram;Atlanta_Utd;MLS;44.0;38.0;42.6;29.0;Peru, Italy;1,81m;left;2.000.000,00 €;Dec 31, 2025;€646.361.00;0,00 €
Zac McGraw;Portland_Timbers;MLS;44.0;36.1;41.1;27.0;Canada, United States;1,93m;;1.000.000,00 €;Dec 31, 2026;€132.401.00;0,00 €
Tomás Ribeiro;Farense;Primeira_Liga;43.7;35.8;40.1;26.0;Portugal;1,85m;left;1.500.000,00 €;-;€380.000.00;0,00 €
Brendan Galloway;Plymouth_Argyle;Championship;43.6;35.4;41.3;29.0;Zimbabwe, England;1,86m;left;0,00 €;Jun 30, 2026;€154.176.00;0,00 €
Ryley Towler;Portsmouth;Championship;43.6;34.6;39.8;22.0;England;1,87m;left;0,00 €;Jun 30, 2026;€185.011.00;0,00 €
Jorge Teixeira;AVS_Futebol;Primeira_Liga;43.4;35.5;40.4;38.0;Portugal;1,88m;right;0,00 €;Jun 30, 2025;€120.000.00;0,00 €
Ahmetcan Kaplan;Ajax;Eredivisie;43.3;38.1;39.3;22.0;Türkiye;1,89m;left;6.000.000,00 €;Jun 30, 2027;€900.000.00;0,00 €
Bruno Wilson;SJ_Earthquakes;MLS;43.2;37.1;44.8;28.0;Portugal;1,92m;right;0,00 €;Dec 31, 2025;€882.675.00;0,00 €
Ryan Porteous;Preston_North_End;Championship;43.2;34.8;39.7;26.0;Scotland;1,88m;right;3.000.000,00 €;May 31, 2025;€308.352.00;0,00 €
Enes Mahmutovic;NAC_Breda;Eredivisie;43.1;34.3;41.7;27.0;Luxembourg, Kosovo;1,90m;right;0,00 €;Jun 30, 2026;€120.000.00;0,00 €
Henry Kessler;St_Louis;MLS;43.0;34.3;40.3;26.0;United States, Ireland;1,93m;;2.500.000,00 €;Dec 31, 2025;€882.675.00;0,00 €
Jefferson Díaz;Minnesota_Utd;MLS;43.0;36.3;39.9;24.0;Colombia;1,86m;right;0,00 €;Dec 31, 2026;;
Akin Famewo;Sheffield_Wednesday;Championship;42.5;36.4;42.3;26.0;England, Nigeria;1,88m;left;0,00 €;Jun 30, 2025;€450.669.00;0,00 €
Boris Popović;Arouca;Primeira_Liga;42.3;36.0;40.9;25.0;Serbia, France;1,89m;right;2.000.000,00 €;Jun 30, 2025;€300.000.00;0,00 €
Hannes Delcroix;Swansea_City;Championship;42.3;35.8;39.7;26.0;Belgium, Haiti;1,83m;left;4.000.000,00 €;Jun 30, 2025;€925.057.00;0,00 €
Dion Sanderson;Blackburn_Rovers;Championship;42.2;34.1;39.3;25.0;England;1,88m;right;2.500.000,00 €;May 31, 2025;€616.705.00;0,00 €
Reece Burke;Luton_Town;Championship;42.0;35.0;39.5;28.0;England;1,89m;right;1.800.000,00 €;-;€770.881.00;0,00 €
Théo Barbet;Almere_City;Eredivisie;42.0;35.7;40.7;24.0;France;1,86m;left;0,00 €;Jun 30, 2026;€240.000.00;0,00 €
Bruno Martins Indi;AZ_Alkmaar;Eredivisie;41.9;36.7;38.6;33.0;Netherlands, Portugal;1,85m;left;0,00 €;Jun 30, 2025;€600.000.00;0,00 €
Joshua Yaro;St_Louis;MLS;41.9;35.4;41.3;30.0;United States, Ghana;1,80m;;0,00 €;Dec 31, 2025;€79.190.00;0,00 €
Ian Fray;Inter_Miami;MLS;41.7;35.7;41.2;22.0;Jamaica, United States;1,83m;right;0,00 €;Dec 31, 2025;€110.334.00;0,00 €
Jake Clarke-Salter;Queens_Park_Rangers;Championship;41.6;34.4;37.7;27.0;England, Ireland;1,88m;left;1.200.000,00 €;Jun 30, 2026;€616.705.00;0,00 €
Wyatt Omsberg;Chicago_Fire;MLS;41.6;36.5;42.2;;;;;;;;
Jannes Horn;St_Louis;MLS;41.5;34.1;37.2;28.0;Germany;1,86m;left;1.500.000,00 €;Jun 30, 2025;€280.691.00;0,00 €
John Egan;Hull_City;Championship;40.9;33.0;37.6;32.0;Ireland;1,85m;right;1.800.000,00 €;Jun 30, 2026;€925.057.00;0,00 €
Strahinja Tanasijević;New_York_City_FC;MLS;40.7;37.1;39.4;27.0;Serbia;1,83m;right;0,00 €;Dec 31, 2025;€211.842.00;0,00 €
Tim Ream;Charlotte;MLS;40.4;37.5;39.5;37.0;United States;1,86m;left;0,00 €;Dec 31, 2026;€441.338.00;0,00 €
Christ Makosso;Luton_Town;Championship;39.4;33.5;37.5;20.0;Congo;1,92m;right;0,00 €;Jun 30, 2029;€154.176.00;0,00 €
Andrew Farrell;NE_Revolution;MLS;39.0;34.8;36.5;33.0;United States;1,80m;right;0,00 €;Dec 31, 2025;€603.529.00;0,00 €
Héliton;Göztepe;Süper_Lig;38.7;70.7;70.6;;;;;;;€420.000.00;0,00 €
Francisco Calvo;Hatayspor;Süper_Lig;38.7;98.9;99.0;32.0;Costa Rica;1,83m;left;0,00 €;Jun 30, 2026;€580.000.00;0,00 €
Adil Demirbağ;Konyaspor;Süper_Lig;36.5;84.1;78.9;27.0;Türkiye;1,85m;right;1.800.000,00 €;Jun 30, 2027;€670.000.00;0,00 €
Julian Jeanvier;Kayserispor;Süper_Lig;34.6;42.6;42.5;33.0;Guinea, France;1,83m;right;0,00 €;Jun 30, 2025;€420.000.00;0,00 €
Veysel Sarı;Antalyaspor;Süper_Lig;34.4;78.0;72.9;36.0;Türkiye;1,84m;right;0,00 €;Jun 30, 2026;€420.000.00;0,00 €
Abdülkerim Bardakcı;Galatasaray;Süper_Lig;34.4;87.6;88.5;30.0;Türkiye;1,85m;left;7.000.000,00 €;Jun 30, 2025;€1.250.000.00;0,00 €
Léo Duarte;Başakşehir;Süper_Lig;34.4;53.6;47.9;28.0;Brazil;1,83m;right;3.000.000,00 €;Jun 30, 2026;€1.670.000.00;0,00 €
Guy-Marcelin Kilama;Hatayspor;Süper_Lig;34.4;77.8;76.5;25.0;Cameroon;1,82m;right;1.500.000,00 €;Jun 30, 2026;€330.000.00;0,00 €
Noah Sonko Sundberg;Sivasspor;Süper_Lig;32.2;63.2;62.2;28.0;The Gambia, Sweden;1,87m;right;1.300.000,00 €;Jun 30, 2025;€750.000.00;0,00 €
Attila Mocsi;Rizespor;Süper_Lig;32.2;65.1;59.8;24.0;Hungary;1,90m;right;1.800.000,00 €;Jun 30, 2027;€330.000.00;0,00 €
Çağlar Söyüncü;Fenerbahçe;Süper_Lig;32.2;67.2;63.4;;;;;;;€3.330.000.00;0,00 €
Fidan Aliti;Alanyaspor;Süper_Lig;32.2;86.8;78.9;31.0;Kosovo, Switzerland;1,86m;left;0,00 €;Jun 30, 2026;€770.000.00;0,00 €
Jerome Opoku;Başakşehir;Süper_Lig;32.2;65.6;64.6;26.0;Ghana, England;1,97m;left;3.000.000,00 €;Jun 30, 2027;€420.000.00;0,00 €
Nicholas Opoku;Kasımpaşa;Süper_Lig;32.2;64.2;61.0;;;;;;;€500.000.00;0,00 €
Rúben Vezo;Eyüpspor;Süper_Lig;32.2;59.1;55.1;;;;;;;;
Robin Yalçın;Eyüpspor;Süper_Lig;32.2;65.8;59.8;;;;;;;;
Luccas Claro;Eyüpspor;Süper_Lig;32.2;79.2;78.9;;;;;;;;
Yasin Özcan;Kasımpaşa;Süper_Lig;32.2;93.3;90.8;;;;;;;€330.000.00;0,00 €
Dimitrios Kolovetsios;Kayserispor;Süper_Lig;31.9;46.1;45.2;33.0;Greece;1,83m;right;0,00 €;Jun 30, 2025;€870.000.00;0,00 €
Fatih Aksoy;Alanyaspor;Süper_Lig;31.9;42.6;39.1;27.0;Türkiye;1,89m;right;1.500.000,00 €;Jun 30, 2025;€350.000.00;0,00 €
Anel Husic;Gaziantep_FK;Süper_Lig;31.5;38.1;37.5;24.0;Switzerland, Bosnia-Herzegovina;1,89m;left;0,00 €;Jun 30, 2025;€150.000.00;0,00 €
Yunus Emre Çift;Samsunspor;Süper_Lig;31.5;47.5;46.7;21.0;Türkiye;1,85m;right;0,00 €;Jun 30, 2027;€130.000.00;0,00 €
Milan Škriniar;Fenerbahçe;Süper_Lig;31.5;35.9;35.0;;;;;;;;
Axel Disasi;Chelsea;EPL;30.0;30.0;30.0;;;;;;;€2.466.819.00;0,00 €
Ben Mee;Brentford;EPL;30.0;30.0;30.0;35.0;England;1,80m;left;0,00 €;Jun 30, 2025;€3.391.876.00;0,00 €
Rafael Tolói;Atalanta;Serie_A;30.0;30.0;30.0;34.0;Italy, Brazil;1,85m;right;1.500.000,00 €;Jun 30, 2025;€1.850.000.00;0,00 €
Benoît Badiashile;Chelsea;EPL;30.0;30.0;30.0;24.0;France, DR Congo;1,94m;left;25.000.000,00 €;Jun 30, 2030;€5.550.342.00;0,00 €
Vitor Reis;Manchester_City;EPL;30.0;30.0;30.0;19.0;Brazil;1,86m;right;30.000.000,00 €;Jun 30, 2029;;
Jordan Thorniley;Oxford_United;Championship;30.0;30.0;30.0;28.0;England;1,81m;left;0,00 €;-;€258.542.00;0,00 €
Rob Holding;Sheffield_United;Championship;30.0;30.0;30.0;29.0;England;1,89m;right;4.000.000,00 €;May 31, 2025;€1.850.114.00;0,00 €
Giorgio Scalvini;Atalanta;Serie_A;30.0;30.0;30.0;21.0;Italy;1,94m;right;35.000.000,00 €;Jun 30, 2028;€560.000.00;0,00 €
Stefan Posch;Atalanta;Serie_A;30.0;30.0;30.0;27.0;Austria;1,90m;right;10.000.000,00 €;Jun 30, 2025;€1.000.000.00;0,00 €
Kal Naismith;Bristol_City;Championship;30.0;30.0;30.0;;;;;;;;
Joe Anderson;Sunderland;Championship;30.0;30.0;30.0;24.0;England;-;left;0,00 €;Jun 30, 2026;€185.011.00;0,00 €
Tomás Palacios;Internazionale;Serie_A;30.0;30.0;30.0;;;;;;;;
Jake Rooney;Derby_County;Championship;30.0;30.0;30.0;21.0;England;1,88m;right;0,00 €;Jun 30, 2026;€185.011.00;0,00 €
Tiago Gabriel;Lecce;Serie_A;30.0;30.0;30.0;20.0;Portugal;1,94m;right;1.000.000,00 €;Jun 30, 2027;€330.000.00;0,00 €
Sebastian Walukiewicz;Empoli;Serie_A;30.0;30.0;30.0;;;;;;;;
Michael Wentzel;St_Louis;MLS;30.0;30.0;30.0;23.0;United States, Germany;1,89m;right;0,00 €;Dec 31, 2025;€63.024.00;0,00 €
Finley Burns;Hull_City;Championship;30.0;30.0;30.0;21.0;England;1,96m;right;1.000.000,00 €;May 31, 2025;€308.352.00;0,00 €
Ryan Sailor;Inter_Miami;MLS;30.0;30.0;30.0;26.0;United States;1,93m;right;0,00 €;Dec 31, 2025;€79.190.00;0,00 €
Erik Pieters;Derby_County;Championship;30.0;30.0;30.0;36.0;Netherlands;1,83m;left;0,00 €;Jun 30, 2025;;
Tobias Slotsager;Hellas_Verona;Serie_A;30.0;30.0;30.0;19.0;Denmark;1,90m;right;2.000.000,00 €;-;€370.000.00;0,00 €
Maximilian Wöber;Leeds_United;Championship;30.0;30.0;30.0;27.0;Austria;1,88m;left;8.000.000,00 €;Jun 30, 2027;€2.158.466.00;0,00 €
Tyler Hall;Inter_Miami;MLS;30.0;30.0;30.0;19.0;United States, Guyana;1,78m;right;0,00 €;Dec 31, 2027;€63.024.00;0,00 €
Luan Patrick;Hellas_Verona;Serie_A;30.0;30.0;30.0;23.0;Brazil;1,90m;right;1.300.000,00 €;Jun 30, 2026;;
Yllan Okou;Hellas_Verona;Serie_A;30.0;30.0;30.0;22.0;France, Cote d'Ivoire;1,89m;left;0,00 €;Jun 30, 2025;€280.000.00;0,00 €
Kaelan Casey;West_Ham_United;EPL;30.0;30.0;30.0;20.0;England;1,85m;right;1.000.000,00 €;Jun 30, 2027;€154.176.00;0,00 €
Saba Sazonov;Empoli;Serie_A;30.0;30.0;30.0;23.0;Georgia, Russia;1,94m;right;2.500.000,00 €;Jun 30, 2025;€640.000.00;0,00 €
Sebastian Esposito;Lecce;Serie_A;30.0;30.0;30.0;20.0;Australia, Italy;1,91m;right;0,00 €;-;€110.000.00;0,00 €
Sebastian Otoa;Genoa;Serie_A;30.0;30.0;30.0;20.0;Denmark;1,98m;right;2.000.000,00 €;Jun 30, 2028;€280.000.00;0,00 €
Elijah Scott;Lecce;Serie_A;30.0;30.0;30.0;19.0;Germany, United States;-;right;0,00 €;Jun 30, 2027;€280.000.00;0,00 €
Sven Botman;Newcastle_United;EPL;30.0;30.0;30.0;25.0;Netherlands;1,93m;left;45.000.000,00 €;Jun 30, 2027;€5.550.342.00;0,00 €
Nicolò Casale;Lazio;Serie_A;30.0;30.0;30.0;;;;;;;;
Shaun Hutchinson;Millwall;Championship;30.0;30.0;30.0;34.0;England;1,88m;right;0,00 €;Jun 30, 2025;€493.364.00;0,00 €
Darragh Lenihan;Middlesbrough;Championship;30.0;30.0;30.0;31.0;Ireland;1,87m;right;1.800.000,00 €;Jun 30, 2026;€628.564.00;0,00 €
Joe Worrall;Burnley;Championship;30.0;30.0;30.0;28.0;England;1,90m;right;5.500.000,00 €;Jun 30, 2028;€2.158.466.00;0,00 €
John Egan;Burnley;Championship;30.0;30.0;30.0;;;;;;;;
Luke McNally;Burnley;Championship;30.0;30.0;30.0;;;;;;;;
Hannes Delcroix;Burnley;Championship;30.0;30.0;30.0;;;;;;;;
Arvid Brorsson;Monza;Serie_A;30.0;30.0;30.0;25.0;Sweden;1,93m;right;0,00 €;Jun 30, 2027;€330.000.00;0,00 €
Alessandro Circati;Parma;Serie_A;30.0;30.0;30.0;21.0;Australia, Italy;1,90m;right;8.500.000,00 €;Jun 30, 2029;€930.000.00;0,00 €
Patrick Bauer;Preston_North_End;Championship;30.0;30.0;30.0;32.0;Germany;1,92m;right;0,00 €;Jun 30, 2025;€462.528.00;0,00 €
Yordan Osorio;Parma;Serie_A;30.0;30.0;30.0;30.0;Venezuela;1,89m;right;1.700.000,00 €;Jun 30, 2025;€770.000.00;0,00 €
Fellipe Jack;Como;Serie_A;30.0;30.0;30.0;19.0;Italy, Brazil;1,87m;left;1.400.000,00 €;Jun 30, 2025;€150.000.00;0,00 €
Ibane Bowat;Portsmouth;Championship;30.0;30.0;30.0;22.0;Scotland, France;1,90m;left;0,00 €;Jun 30, 2027;€215.847.00;0,00 €
Hayden Matthews;Portsmouth;Championship;30.0;30.0;30.0;20.0;Australia;1,95m;right;1.300.000,00 €;Jun 30, 2029;€92.506.00;0,00 €
Tomás Palacios;Monza;Serie_A;30.0;30.0;30.0;22.0;Argentina;1,96m;left;5.000.000,00 €;Jun 30, 2025;€1.110.000.00;0,00 €
Conor Shaughnessy;Portsmouth;Championship;30.0;30.0;30.0;28.0;Ireland;1,91m;right;0,00 €;Jun 30, 2027;€308.352.00;0,00 €
Victor Nelsson;Roma;Serie_A;30.0;30.0;30.0;26.0;Denmark;1,85m;right;14.000.000,00 €;Jun 30, 2025;€1.020.000.00;0,00 €
Kevin Danso;Tottenham_Hotspur;EPL;30.0;30.0;30.0;26.0;Austria;1,90m;right;25.000.000,00 €;Jun 30, 2025;€1.541.762.00;0,00 €
Erik Pieters;Luton_Town;Championship;30.0;30.0;30.0;;;;;;;;
Kal Naismith;Luton_Town;Championship;30.0;30.0;30.0;33.0;Scotland;1,86m;right;0,00 €;May 31, 2025;€925.057.00;0,00 €
Rafa Marín;Napoli;Serie_A;30.0;30.0;30.0;22.0;Spain;1,91m;right;7.000.000,00 €;Jun 30, 2029;€2.220.000.00;0,00 €
Filipe Bordon;Lazio;Serie_A;30.0;30.0;30.0;19.0;Brazil, Italy;1,93m;right;0,00 €;Jun 30, 2028;€170.000.00;0,00 €
Jaden Dixon;Stoke_City;Championship;30.0;30.0;30.0;17.0;England, Jamaica;1,88m;;0,00 €;Jun 30, 2027;€46.253.00;0,00 €
Wes Harding;Millwall;Championship;30.0;30.0;30.0;28.0;Jamaica, England;1,81m;right;1.200.000,00 €;-;€308.352.00;0,00 €
Marlon;Los_Angeles_FC;MLS;30.0;30.0;30.0;29.0;Brazil;1,82m;right;3.500.000,00 €;Jun 30, 2025;€1.191.611.00;0,00 €
Olwethu Makhanya;Philadelphia_Union;MLS;30.0;30.0;30.0;21.0;South Africa;-;right;0,00 €;Dec 31, 2025;€198.602.00;0,00 €
Jarell Quansah;Liverpool;EPL;30.0;30.0;30.0;22.0;England, Scotland;1,90m;right;22.000.000,00 €;Jun 30, 2029;€1.850.114.00;0,00 €
Thomas Williams;Orlando_City;MLS;30.0;30.0;30.0;20.0;United States;1,90m;;0,00 €;Dec 31, 2026;€105.921.00;0,00 €
Jorge Cuenca;Fulham;EPL;30.0;30.0;30.0;25.0;Spain;1,90m;left;6.000.000,00 €;Jun 30, 2028;€1.541.762.00;0,00 €
Ben Godfrey;Ipswich_Town;EPL;30.0;30.0;30.0;27.0;England, Jamaica;1,84m;right;8.000.000,00 €;Jun 30, 2025;;
Nolan Norris;FC_Dallas;MLS;30.0;30.0;30.0;20.0;United States;1,80m;left;0,00 €;Dec 31, 2025;€79.190.00;0,00 €
Axel Disasi;Aston_Villa;EPL;30.0;30.0;30.0;27.0;France, DR Congo;1,91m;right;25.000.000,00 €;Jun 30, 2025;;
Joaquín Fernández;Sporting_KC;MLS;30.0;30.0;30.0;28.0;Spain;1,90m;left;1.200.000,00 €;Dec 31, 2025;€882.675.00;0,00 €
Saba Sazonov;Torino;Serie_A;30.0;30.0;30.0;;;;;;;;
Chadi Riad;Crystal_Palace;EPL;30.0;30.0;30.0;21.0;Morocco, Spain;1,87m;left;15.000.000,00 €;Jun 30, 2029;;
Nicolás Valentini;Fiorentina;Serie_A;30.0;30.0;30.0;;;;;;;;
Matteo Palma;Udinese;Serie_A;30.0;30.0;30.0;17.0;Germany, Italy;1,94m;right;1.000.000,00 €;Jun 30, 2027;€190.000.00;0,00 €
Joachim Andersen;Crystal_Palace;EPL;30.0;30.0;30.0;;;;;;;;
Bastien Meupiyou;Wolverhampton_Wanderers;EPL;30.0;30.0;30.0;19.0;France, Cameroon;1,91m;left;2.500.000,00 €;Jun 30, 2029;€493.364.00;0,00 €
Nasser Djiga;Wolverhampton_Wanderers;EPL;30.0;30.0;30.0;22.0;Burkina Faso, Serbia;1,92m;right;10.000.000,00 €;Jun 30, 2030;€925.057.00;0,00 €
Yerson Mosquera;Wolverhampton_Wanderers;EPL;30.0;30.0;30.0;24.0;Colombia;1,88m;right;8.000.000,00 €;Jun 30, 2030;€1.233.409.00;0,00 €
Matai Akinmboni;Bournemouth;EPL;30.0;30.0;30.0;18.0;United States, Nigeria;1,88m;left;1.000.000,00 €;-;€246.682.00;0,00 €
Finn Surman;Portland_Timbers;MLS;30.0;30.0;30.0;21.0;New Zealand, Wales;1,90m;right;0,00 €;Dec 31, 2026;€154.468.00;0,00 €
James Hill;Bournemouth;EPL;30.0;30.0;30.0;23.0;England;1,84m;right;2.000.000,00 €;Jun 30, 2026;€308.352.00;0,00 €
Angelo Ogbonna;Watford;Championship;30.0;30.0;30.0;36.0;Italy, Nigeria;1,91m;left;0,00 €;Jun 30, 2025;€2.775.171.00;0,00 €
Juma Bah;Lens;Ligue_1;30.0;30.0;30.0;19.0;Sierra Leone;1,95m;right;4.000.000,00 €;Jun 30, 2025;€280.000.00;0,00 €
Ayberk Karapo;Rizespor;Süper_Lig;30.0;30.0;30.0;20.0;Türkiye;1,86m;right;1.000.000,00 €;Jun 30, 2025;€170.000.00;0,00 €
Michael Edwards;Colorado_Rapids;MLS;30.0;30.0;30.0;24.0;United States;1,91m;;0,00 €;Dec 31, 2025;€114.748.00;0,00 €
Jeanuël Belocian;Bayer_Leverkusen;Bundesliga;30.0;30.0;30.0;20.0;France, Guadeloupe;1,82m;left;15.000.000,00 €;Jun 30, 2029;;
Maxim Dekker;AZ_Alkmaar;Eredivisie;30.0;30.0;30.0;21.0;Netherlands;1,92m;left;1.000.000,00 €;Jun 30, 2026;€60.000.00;0,00 €
Ameen Al-Dakhil;Stuttgart;Bundesliga;30.0;30.0;30.0;23.0;Belgium, Iraq;1,87m;right;7.500.000,00 €;Jun 30, 2028;€1.320.000.00;0,00 €
Luca Jaquez;Stuttgart;Bundesliga;30.0;30.0;30.0;21.0;Switzerland, Dominican Republic;1,87m;right;6.000.000,00 €;Jun 30, 2029;€560.000.00;0,00 €
Redouan El Yaakoubi;RKC_Waalwijk;Eredivisie;30.0;30.0;30.0;29.0;Netherlands, Morocco;1,83m;right;0,00 €;Jun 30, 2026;€240.000.00;0,00 €
Dan-Axel Zagadou;Stuttgart;Bundesliga;30.0;30.0;30.0;25.0;France, Cote d'Ivoire;1,96m;left;6.000.000,00 €;Jun 30, 2026;€2.830.000.00;15.000.000,00 €
Oluwaseun Ogbemudia;Union_Berlin;Bundesliga;30.0;30.0;30.0;18.0;Germany, Nigeria;1,88m;right;0,00 €;-;€100.000.00;0,00 €
Christopher Mamengi;Almere_City;Eredivisie;30.0;30.0;30.0;24.0;Netherlands, Angola;1,89m;left;0,00 €;Jun 30, 2026;€60.000.00;0,00 €
Fabio Chiarodia;Monchengladbach;Bundesliga;30.0;30.0;30.0;19.0;Italy, Germany;1,86m;left;2.000.000,00 €;Jun 30, 2027;;
Carl Johansson;Holstein_Kiel;Bundesliga;30.0;30.0;30.0;30.0;Sweden;1,94m;right;0,00 €;Jun 30, 2026;€300.000.00;0,00 €
Joshua Mukeh;Utrecht;Eredivisie;30.0;30.0;30.0;22.0;Netherlands, Nigeria;1,85m;left;0,00 €;Jun 30, 2027;€150.000.00;0,00 €
Matisse Didden;Utrecht;Eredivisie;30.0;30.0;30.0;23.0;Belgium;1,98m;right;0,00 €;Jun 30, 2028;€240.000.00;0,00 €
Hiroki Ito;Bayern_Munich;Bundesliga;30.0;30.0;30.0;25.0;Japan;1,88m;left;30.000.000,00 €;Jun 30, 2028;€3.780.000.00;0,00 €
Ibrahima Ba;Famalicão;Primeira_Liga;30.0;30.0;30.0;19.0;Senegal;1,90m;right;0,00 €;Jun 30, 2029;;
David Odogu;Wolfsburg;Bundesliga;30.0;30.0;30.0;18.0;Germany, Nigeria;1,91m;right;0,00 €;-;€120.000.00;0,00 €
Mathys Angély;Wolfsburg;Bundesliga;30.0;30.0;30.0;18.0;France;1,90m;left;0,00 €;-;€100.000.00;0,00 €
Lewis Schouten;AZ_Alkmaar;Eredivisie;30.0;30.0;30.0;21.0;Netherlands;1,91m;right;0,00 €;Jun 30, 2027;€300.000.00;0,00 €
Mario Hermoso;Bayer_Leverkusen;Bundesliga;30.0;30.0;30.0;29.0;Spain;1,84m;left;10.000.000,00 €;Jun 30, 2025;;
Steven Vitória;Boavista;Primeira_Liga;30.0;30.0;30.0;38.0;Canada, Portugal;1,95m;right;0,00 €;Jun 30, 2025;;
Juanpe;Rayo_Vallecano;La_Liga;30.0;30.0;30.0;;;;;;;;
Jens Mathijsen;Willem_II;Eredivisie;30.0;30.0;30.0;17.0;Netherlands;1,83m;right;0,00 €;Jun 30, 2027;€60.000.00;0,00 €
Cenk Özkacar;Valladolid;La_Liga;30.0;30.0;30.0;24.0;Türkiye;1,90m;left;1.500.000,00 €;Jun 30, 2025;€590.000.00;0,00 €
David Alaba;Real_Madrid;La_Liga;30.0;30.0;30.0;32.0;Austria;1,80m;left;10.000.000,00 €;Jun 30, 2026;€22.500.000.00;850.000.000,00 €
Adamo Nagalo;PSV_Eindhoven;Eredivisie;30.0;30.0;30.0;22.0;Burkina Faso, Cote d'Ivoire;1,88m;right;7.000.000,00 €;Jun 30, 2029;€780.000.00;0,00 €
Armando Obispo;PSV_Eindhoven;Eredivisie;30.0;30.0;30.0;26.0;Netherlands, Curacao;1,85m;left;3.500.000,00 €;Jun 30, 2027;€590.000.00;0,00 €
Jesús Vallejo;Real_Madrid;La_Liga;30.0;30.0;30.0;28.0;Spain;1,84m;right;1.000.000,00 €;Jun 30, 2025;€1.800.000.00;0,00 €
Daan van Reeuwijk;NAC_Breda;Eredivisie;30.0;30.0;30.0;17.0;Netherlands;1,88m;right;0,00 €;Jun 30, 2026;€50.000.00;0,00 €
Fernando Calero;Espanyol;La_Liga;30.0;30.0;30.0;29.0;Spain;1,84m;right;1.500.000,00 €;Jun 30, 2026;€520.000.00;0,00 €
Jeyland Mitchell;Feyenoord;Eredivisie;30.0;30.0;30.0;20.0;Costa Rica;1,87m;right;2.500.000,00 €;Jun 30, 2029;€490.000.00;0,00 €
Facundo González;Feyenoord;Eredivisie;30.0;30.0;30.0;21.0;Uruguay, Italy;1,93m;left;4.000.000,00 €;Jun 30, 2025;€1.180.000.00;0,00 €
Yoel Lago;Celta_Vigo;La_Liga;30.0;30.0;30.0;21.0;Spain;1,85m;right;0,00 €;Jun 30, 2027;;
Joseph Aidoo;Celta_Vigo;La_Liga;30.0;30.0;30.0;;;;;;;;
Jop Tijink;Heracles_Almelo;Eredivisie;30.0;30.0;30.0;20.0;Netherlands;1,88m;left;0,00 €;Jun 30, 2026;€70.000.00;0,00 €
Stijn Bultman;Heracles_Almelo;Eredivisie;30.0;30.0;30.0;20.0;Netherlands;1,87m;right;0,00 €;Jun 30, 2026;€120.000.00;0,00 €
Justin Hoogma;Heracles_Almelo;Eredivisie;30.0;30.0;30.0;26.0;Netherlands;1,90m;left;0,00 €;Jun 30, 2026;€170.000.00;0,00 €
Alex Marques;Boavista;Primeira_Liga;30.0;30.0;30.0;19.0;Portugal;1,86m;right;0,00 €;Jun 30, 2026;€60.000.00;0,00 €
Julián Malatini;Werder_Bremen;Bundesliga;30.0;30.0;30.0;23.0;Argentina;1,91m;right;3.000.000,00 €;-;€450.000.00;0,00 €
Eriq Zavaleta;LA_Galaxy;MLS;30.0;30.0;30.0;32.0;El Salvador, United States;1,85m;right;0,00 €;Dec 31, 2025;€79.190.00;0,00 €
Cédric Hountondji;Angers;Ligue_1;30.0;30.0;30.0;31.0;Benin, France;1,94m;right;1.500.000,00 €;Jun 30, 2026;€630.000.00;0,00 €
Luiz Felipe;Marseille;Ligue_1;30.0;30.0;30.0;28.0;Italy, Brazil;1,87m;right;6.000.000,00 €;Jun 30, 2026;€3.640.000.00;0,00 €
Michel;Moreirense;Primeira_Liga;30.0;30.0;30.0;21.0;Brazil;1,88m;right;1.000.000,00 €;Jun 30, 2026;€280.000.00;0,00 €
Gilberto Batista;Moreirense;Primeira_Liga;30.0;30.0;30.0;21.0;Guinea-Bissau, Portugal;1,87m;right;0,00 €;Jun 30, 2027;€80.000.00;0,00 €
Bamo Meïté;Marseille;Ligue_1;30.0;30.0;30.0;;;;;;;;
Otávio;Estrela;Primeira_Liga;30.0;30.0;30.0;;;;;;;;
Semeu Commey;Estrela;Primeira_Liga;30.0;30.0;30.0;20.0;Ghana;1,90m;right;0,00 €;Jun 30, 2027;€100.000.00;0,00 €
Renato Pantalon;Estrela;Primeira_Liga;30.0;30.0;30.0;27.0;Croatia;1,94m;right;0,00 €;Jun 30, 2027;€180.000.00;0,00 €
Warmed Omari;Lyon;Ligue_1;30.0;30.0;30.0;25.0;Comoros, France;1,88m;right;4.000.000,00 €;Jun 30, 2025;€640.000.00;0,00 €
Bamo Meïté;Montpellier;Ligue_1;30.0;30.0;30.0;23.0;Cote d'Ivoire, France;1,84m;right;5.000.000,00 €;Jun 30, 2025;€300.000.00;0,00 €
Soumaïla Coulibaly;Brest;Ligue_1;30.0;30.0;30.0;21.0;France, Mali;1,91m;left;9.000.000,00 €;Jun 30, 2025;€1.040.000.00;0,00 €
Nino Galović;Arouca;Primeira_Liga;30.0;30.0;30.0;32.0;Croatia;1,84m;right;0,00 €;Jun 30, 2025;€240.000.00;0,00 €
Presnel Kimpembe;Paris_Saint_Germain;Ligue_1;30.0;30.0;30.0;29.0;France, DR Congo;1,83m;left;8.000.000,00 €;Jun 30, 2026;€7.680.000.00;0,00 €
Naoufel El Hannach;Paris_Saint_Germain;Ligue_1;30.0;30.0;30.0;18.0;Morocco, France;1,83m;right;0,00 €;Jun 30, 2027;;
Isaac Monteiro;Casa_Pia;Primeira_Liga;30.0;30.0;30.0;21.0;Portugal, Sao Tome and Principe;1,93m;right;0,00 €;Jun 30, 2025;€120.000.00;0,00 €
Warmed Omari;Rennes;Ligue_1;30.0;30.0;30.0;;;;;;;;
Ousmane Camara;Angers;Ligue_1;30.0;30.0;30.0;22.0;France, Mali;1,97m;right;0,00 €;Jun 30, 2026;€180.000.00;0,00 €
Anthony Briançon;Saint_Etienne;Ligue_1;30.0;30.0;30.0;30.0;France;1,85m;right;0,00 €;Jun 30, 2026;€840.000.00;0,00 €
João Pedro;Rio_Ave;Primeira_Liga;30.0;30.0;30.0;22.0;Brazil;1,86m;left;0,00 €;Jun 30, 2025;€90.000.00;0,00 €
Adrian Bajrami;Benfica;Primeira_Liga;30.0;30.0;30.0;23.0;Albania, Switzerland;1,88m;left;1.500.000,00 €;Jun 30, 2029;€580.000.00;0,00 €
Konstantinos Kostoulas;Rio_Ave;Primeira_Liga;30.0;30.0;30.0;20.0;Greece;1,85m;right;0,00 €;Jun 30, 2025;€80.000.00;0,00 €
Francisco Petrasso;Rio_Ave;Primeira_Liga;30.0;30.0;30.0;23.0;Argentina;1,91m;right;1.500.000,00 €;Jun 30, 2028;€90.000.00;0,00 €
Noahkai Banks;Augsburg;Bundesliga;30.0;30.0;30.0;18.0;United States, Germany;1,93m;right;6.000.000,00 €;Jun 30, 2027;€100.000.00;0,00 €
Mohammed Tolba;Bochum;Bundesliga;30.0;30.0;30.0;20.0;Germany, Egypt;1,85m;right;0,00 €;Jun 30, 2025;€120.000.00;0,00 €
Tomás Ribeiro;Vitoria_Guimaraes;Primeira_Liga;30.0;30.0;30.0;;;;;;;;
Thomas Keller;Heidenheim;Bundesliga;30.0;30.0;30.0;25.0;Germany;1,86m;right;0,00 €;Jun 30, 2028;€380.000.00;0,00 €
Jonatás Noro;Braga;Primeira_Liga;30.0;30.0;30.0;19.0;Portugal;1,87m;right;1.000.000,00 €;Jun 30, 2027;€120.000.00;0,00 €
Amidou Doumbouya;Nice;Ligue_1;30.0;30.0;30.0;17.0;France, Guinea;1,82m;left;0,00 €;Jun 30, 2026;€160.000.00;0,00 €
Yoni Gomis;Strasbourg;Ligue_1;30.0;30.0;30.0;19.0;France, Senegal;1,86m;left;1.000.000,00 €;Jun 30, 2029;€120.000.00;0,00 €
Malcolm Jeng;Reims;Ligue_1;30.0;30.0;30.0;20.0;Sweden;1,90m;left;2.500.000,00 €;Jun 30, 2029;€320.000.00;0,00 €
Carlos Ventura;Gil_Vicente_FC;Primeira_Liga;30.0;30.0;30.0;21.0;Brazil;1,87m;right;0,00 €;Jun 30, 2025;;
Marvin Elimbi;Gil_Vicente_FC;Primeira_Liga;30.0;30.0;30.0;22.0;France, Cameroon;1,86m;right;0,00 €;Jun 30, 2028;€150.000.00;0,00 €
Abdoul Koné;Reims;Ligue_1;30.0;30.0;30.0;20.0;France, Cote d'Ivoire;1,92m;right;0,00 €;Jun 30, 2027;€120.000.00;0,00 €
Eliaquim Mangala;Estoril;Primeira_Liga;30.0;30.0;30.0;34.0;France, Belgium;1,87m;left;0,00 €;Jun 30, 2025;€420.000.00;0,00 €
Maxime Bernauer;Saint_Etienne;Ligue_1;30.0;30.0;30.0;26.0;France;1,85m;right;2.000.000,00 €;Jun 30, 2025;€540.000.00;0,00 €
Miodrag Pivas;Willem_II;Eredivisie;30.0;30.0;30.0;19.0;Serbia;1,88m;right;0,00 €;Jun 30, 2025;€70.000.00;0,00 €
Andreas Christensen;Barcelona;La_Liga;30.0;30.0;30.0;29.0;Denmark;1,87m;right;15.000.000,00 €;Jun 30, 2026;€9.000.000.00;500.000.000,00 €
Sven Bouland;Groningen;Eredivisie;30.0;30.0;30.0;19.0;Netherlands;1,84m;left;0,00 €;Jun 30, 2027;€60.000.00;0,00 €
Furkan Bayır;Alanyaspor;Süper_Lig;30.0;30.0;30.0;;;;;;;;
Burhan Ersoy;Adana_Demirspor;Süper_Lig;30.0;32.8;31.7;21.0;Türkiye;1,87m;right;0,00 €;Jun 30, 2025;€50.000.00;0,00 €
Tolga Kalender;Adana_Demirspor;Süper_Lig;30.0;69.9;63.4;23.0;Türkiye;1,91m;right;0,00 €;Jun 30, 2025;€250.000.00;0,00 €
Semih Güler;Adana_Demirspor;Süper_Lig;30.0;53.7;52.7;;;;;;;;
Habil Özbakır;Rizespor;Süper_Lig;30.0;30.0;30.0;20.0;Türkiye;1,92m;left;0,00 €;Jun 30, 2027;€50.000.00;0,00 €
Nidal Celik;Lens;Ligue_1;30.0;30.0;30.0;18.0;Bosnia-Herzegovina;1,92m;right;1.800.000,00 €;Jun 30, 2029;€450.000.00;0,00 €
Hüseyin Türkmen;Trabzonspor;Süper_Lig;30.0;30.0;30.0;27.0;Türkiye;1,83m;right;0,00 €;Jun 30, 2027;€770.000.00;0,00 €
Serdar Saatçı;Trabzonspor;Süper_Lig;30.0;37.8;37.5;22.0;Türkiye;1,90m;right;3.000.000,00 €;Jun 30, 2028;€660.000.00;0,00 €
Semih Güler;Gaziantep_FK;Süper_Lig;30.0;34.5;34.2;30.0;Türkiye, Germany;1,84m;right;1.100.000,00 €;Jun 30, 2027;€330.000.00;0,00 €
Ertuğrul Ersoy;Gaziantep_FK;Süper_Lig;30.0;42.8;40.0;28.0;Türkiye;1,87m;right;0,00 €;Jun 30, 2026;€400.000.00;0,00 €
Arda Kızıldağ;Gaziantep_FK;Süper_Lig;30.0;65.3;65.8;26.0;Türkiye;1,87m;right;1.000.000,00 €;Jun 30, 2025;€420.000.00;0,00 €
Bruno Viana;Gaziantep_FK;Süper_Lig;30.0;75.4;75.3;30.0;Brazil;1,86m;right;1.100.000,00 €;Jun 30, 2025;€300.000.00;0,00 €
Süleyman Özdamar;BB_Bodrumspor;Süper_Lig;30.0;30.0;30.0;32.0;Türkiye;1,82m;right;0,00 €;Jun 30, 2025;€100.000.00;0,00 €
Christophe Hérelle;BB_Bodrumspor;Süper_Lig;30.0;36.9;36.7;32.0;Martinique, France;1,91m;right;0,00 €;Jun 30, 2026;€420.000.00;0,00 €
Arlind Ajeti;BB_Bodrumspor;Süper_Lig;30.0;73.3;70.6;31.0;Albania, Switzerland;1,84m;right;0,00 €;Jun 30, 2027;€330.000.00;0,00 €
Ali Aytemur;BB_Bodrumspor;Süper_Lig;30.0;61.5;59.8;29.0;Türkiye;1,84m;left;0,00 €;Jun 30, 2027;€420.000.00;0,00 €
Nuno Lima;Alanyaspor;Süper_Lig;30.0;56.7;52.7;24.0;Portugal;1,85m;right;1.300.000,00 €;Jun 30, 2027;€170.000.00;0,00 €
Samba Camara;Sivasspor;Süper_Lig;30.0;41.8;40.9;32.0;Mali, France;1,90m;left;0,00 €;Jun 30, 2025;€250.000.00;0,00 €
Maxim Mariani;Groningen;Eredivisie;30.0;30.0;30.0;20.0;Netherlands, Italy;1,85m;right;0,00 €;Jun 30, 2025;€70.000.00;0,00 €
Emirhan Başyiğit;Sivasspor;Süper_Lig;30.0;30.0;30.0;20.0;Türkiye;1,90m;left;0,00 €;Jun 30, 2026;€120.000.00;0,00 €
Carlos Garcés;LA_Galaxy;MLS;30.0;30.0;30.0;23.0;Colombia;1,86m;right;0,00 €;Dec 31, 2028;€176.535.00;0,00 €
Willy Boly;Nottingham_Forest;EPL;30.0;30.0;30.0;34.0;Cote d'Ivoire, France;1,95m;right;2.000.000,00 €;Jun 30, 2025;;
Tim Parker;NE_Revolution;MLS;30.0;30.0;30.0;;;;;;;;
Morris Duggan;Minnesota_Utd;MLS;30.0;30.0;30.0;24.0;Germany;1,93m;left;0,00 €;Dec 31, 2025;;
Eiran Cashin;Brighton_and_Hove_Albion;EPL;30.0;30.0;30.0;23.0;Ireland, England;1,84m;left;8.000.000,00 €;Jun 30, 2030;€925.057.00;0,00 €
Teenage Hadebe;FC_Cincinnati;MLS;30.0;30.0;30.0;29.0;Zimbabwe;1,89m;left;1.500.000,00 €;Dec 31, 2025;€622.244.00;0,00 €
Nick Hagglund;FC_Cincinnati;MLS;30.0;30.0;30.0;32.0;United States;1,86m;right;0,00 €;Dec 31, 2027;€79.190.00;0,00 €
Ayden Heaven;Arsenal;EPL;30.0;30.0;30.0;;;;;;;;
Lukas MacNaughton;Nashville_SC;MLS;30.0;30.0;30.0;;;;;;;;
Victor Lindelöf;Manchester_United;EPL;30.0;30.0;30.0;30.0;Sweden;1,87m;right;10.000.000,00 €;Jun 30, 2025;;
Jonny Evans;Manchester_United;EPL;30.0;30.0;30.0;37.0;Northern Ireland;1,88m;both;1.500.000,00 €;Jun 30, 2025;;
Ayden Heaven;Manchester_United;EPL;30.0;30.0;30.0;18.0;England;1,89m;left;1.500.000,00 €;Jun 30, 2029;;
Bill Tuiloma;Charlotte;MLS;30.0;30.0;30.0;30.0;New Zealand, Samoa;1,82m;right;0,00 €;Dec 31, 2025;€406.031.00;0,00 €
Oleksandr Svatok;Austin;MLS;30.0;30.0;30.0;30.0;Ukraine;1,86m;right;1.200.000,00 €;Dec 31, 2027;€264.803.00;0,00 €
Marcão;Sevilla;La_Liga;30.0;30.0;30.0;28.0;Brazil;1,85m;left;3.000.000,00 €;Jun 30, 2027;€4.380.000.00;0,00 €
Hamza Güreler;Başakşehir;Süper_Lig;30.0;49.0;47.2;19.0;Türkiye;1,92m;right;2.000.000,00 €;Jun 30, 2026;€50.000.00;0,00 €
Ousseynou Ba;Başakşehir;Süper_Lig;30.0;61.1;58.6;29.0;Senegal;1,92m;right;2.100.000,00 €;Jun 30, 2027;€1.500.000.00;0,00 €
Cengiz Demir;Hatayspor;Süper_Lig;30.0;42.8;42.5;24.0;Türkiye;1,86m;left;0,00 €;Jun 30, 2025;€250.000.00;0,00 €
Diego Carlos;Fenerbahçe;Süper_Lig;30.0;30.0;30.0;;;;;;;€6.670.000.00;0,00 €
Taha Altıkardeş;Göztepe;Süper_Lig;30.0;56.2;57.4;;;;;;;€420.000.00;0,00 €
Koray Günter;Göztepe;Süper_Lig;30.0;61.5;63.5;;;;;;;€1.000.000.00;0,00 €
Necip Uysal;Beşiktaş;Süper_Lig;30.0;30.0;30.0;;;;;;;;
Gabriel Paulista;Beşiktaş;Süper_Lig;30.0;51.7;54.3;;;;;;;;
Filip Damjanovic;Konyaspor;Süper_Lig;30.0;30.0;30.0;26.0;Serbia;1,88m;right;0,00 €;Jun 30, 2026;€500.000.00;0,00 €
Riechedly Bazoer;Konyaspor;Süper_Lig;30.0;44.9;43.1;28.0;Curacao, Netherlands;1,84m;right;3.000.000,00 €;Jun 30, 2026;€910.000.00;0,00 €
Julius Dirksen;Go_Ahead_Eag;Eredivisie;30.0;30.0;30.0;22.0;Netherlands;1,85m;left;0,00 €;Jun 30, 2027;€200.000.00;0,00 €
David López;Mallorca;La_Liga;30.0;30.0;30.0;22.0;Spain;1,95m;;0,00 €;Jun 30, 2027;€180.000.00;0,00 €
Dies Janse;Ajax;Eredivisie;30.0;30.0;30.0;19.0;Netherlands;1,96m;left;0,00 €;Jun 30, 2028;€400.000.00;0,00 €
Facundo Garcés;Alaves;La_Liga;30.0;30.0;30.0;25.0;Argentina, Spain;1,89m;right;1.200.000,00 €;Jun 30, 2028;€420.000.00;0,00 €
Mateja Milovanovic;Heerenveen;Eredivisie;30.0;30.0;30.0;21.0;Serbia, Netherlands;1,86m;left;0,00 €;Jun 30, 2026;€110.000.00;0,00 €
Jordy de Wijs;Heerenveen;Eredivisie;30.0;30.0;30.0;30.0;Netherlands;1,89m;left;0,00 €;Jun 30, 2025;€470.000.00;0,00 €
Hristiyan Petrov;Heerenveen;Eredivisie;30.0;30.0;30.0;22.0;Bulgaria;1,86m;left;0,00 €;Jun 30, 2029;€150.000.00;0,00 €
Mouctar Diakhaby;Valencia;La_Liga;30.0;30.0;30.0;28.0;Guinea, France;1,92m;right;2.000.000,00 €;Jun 30, 2027;€4.000.000.00;0,00 €
Cenk Özkacar;Valencia;La_Liga;30.0;30.0;30.0;;;;;;;;
Furkan Bayır;Göztepe;Süper_Lig;30.0;30.0;30.0;;;;;;;€450.000.00;0,00 €
Ege Yıldırım;Göztepe;Süper_Lig;30.0;30.0;30.0;;;;;;;€50.000.00;0,00 €
Arif Kocaman;Kayserispor;Süper_Lig;30.0;33.8;34.2;21.0;Türkiye;1,86m;left;1.300.000,00 €;Jun 30, 2026;€130.000.00;0,00 €
Bahadır Öztürk;Antalyaspor;Süper_Lig;30.0;30.0;30.0;29.0;Türkiye;1,85m;right;0,00 €;Jun 30, 2026;€500.000.00;0,00 €
Yusuf Akçiçek;Fenerbahçe;Süper_Lig;30.0;30.0;30.0;;;;;;;€430.000.00;0,00 €
Rodrigo Becão;Fenerbahçe;Süper_Lig;30.0;33.3;32.5;;;;;;;€3.000.000.00;0,00 €
Alexander Djiku;Fenerbahçe;Süper_Lig;30.0;69.2;71.6;;;;;;;€2.830.000.00;0,00 €
Bedirhan Çetin;Samsunspor;Süper_Lig;30.0;30.0;30.0;18.0;Türkiye;1,82m;right;0,00 €;Jun 30, 2030;€80.000.00;0,00 €
Rick van Drongelen;Samsunspor;Süper_Lig;30.0;70.2;65.8;26.0;Netherlands;1,88m;left;2.300.000,00 €;Jun 30, 2026;€730.000.00;0,00 €
Emrecan Uzunhan;Antalyaspor;Süper_Lig;30.0;30.0;30.0;24.0;Türkiye;1,89m;left;0,00 €;Jun 30, 2025;€1.830.000.00;0,00 €
Amar Gerxhaliu;Antalyaspor;Süper_Lig;30.0;38.6;39.2;23.0;Kosovo, Albania;1,93m;right;0,00 €;Jun 30, 2026;€50.000.00;0,00 €
Majid Hosseini;Kayserispor;Süper_Lig;30.0;30.0;30.0;28.0;Iran;1,87m;right;1.300.000,00 €;Jun 30, 2025;€670.000.00;0,00 €
Carlos Cuesta;Galatasaray;Süper_Lig;30.0;30.0;30.0;26.0;Colombia;1,79m;right;8.000.000,00 €;Jun 30, 2028;€1.080.000.00;0,00 €
Metehan Baltacı;Galatasaray;Süper_Lig;30.0;30.0;30.0;22.0;Türkiye;1,89m;right;2.700.000,00 €;Jun 30, 2028;€500.000.00;0,00 €
Davinson Sánchez;Galatasaray;Süper_Lig;30.0;88.2;81.3;28.0;Colombia;1,87m;right;19.000.000,00 €;Jun 30, 2027;€5.330.000.00;0,00 €
Taylan Aydın;Kasımpaşa;Süper_Lig;30.0;30.0;30.0;;;;;;;€130.000.00;0,00 €
Sadık Çiftpınar;Kasımpaşa;Süper_Lig;30.0;46.4;48.4;;;;;;;€420.000.00;0,00 €
Batuhan Özgan;Kayserispor;Süper_Lig;30.0;30.0;30.0;18.0;Türkiye;1,82m;right;0,00 €;Jun 30, 2026;€50.000.00;0,00 €
Jenson Seelt;Sunderland;Championship;30.0;30.0;30.0;21.0;Netherlands;1,92m;right;2.000.000,00 €;Jun 30, 2028;€185.011.00;0,00 €