Player,Team,League,Falso_Nueve,Aerial_Dominator,Lethal_Striker,Age,Nationality,Height,Foot,Market Value,Contract Until,Position,Annual Salary,Release Clause
Rey Manaj,Sivasspor,Süper_Lig,99.0,35.8,52.3,28.0,"Albania, Italy","1,82m",right,€3.500.000,"Jun 30, 2026",Centre-Forward,€1.500.000.00,€0
Rafa Silva,Beşiktaş,Süper_Lig,97.0,37.2,49.2,,,,,,,,,
Moritz Broschinski,Bochum,Bundesliga,96.9,61.2,50.0,24.0,Germany,"1,90m",right,€2.500.000,"Jun 30, 2026",Centre-Forward,€120.000.00,€0
Jamie Vardy,Leicester_City,EPL,96.8,68.5,65.0,38.0,England,"1,79m",right,€1.000.000,"Jun 30, 2025",Centre-Forward,€8.633.865.00,€0
Sam Lammers,Twente,Eredivisie,94.8,63.4,62.3,28.0,Netherlands,"1,91m",both,€4.000.000,"Jun 30, 2027",Centre-Forward,€1.180.000.00,€0
Evann Guessand,Nice,Ligue_1,93.8,86.3,83.3,23.0,"Cote d'Ivoire, France","1,88m",right,€25.000.000,"Jun 30, 2028",Centre-Forward,€900.000.00,€0
Sergio Córdova,Alanyaspor,Süper_Lig,93.4,36.8,46.3,27.0,Venezuela,"1,88m",right,€1.800.000,"Jun 30, 2027",Centre-Forward,€1.670.000.00,€0
Ali Sowe,Rizespor,Süper_Lig,93.4,38.4,50.5,30.0,"The Gambia, Italy","1,91m",right,€1.900.000,"Jun 30, 2025",Centre-Forward,€1.550.000.00,€0
Guilherme Schettine,Moreirense,Primeira_Liga,93.1,55.7,52.9,29.0,"Brazil, Italy","1,84m",right,€0,"Jun 30, 2026",Centre-Forward,€500.000.00,€0
Matheus Cunha,Wolverhampton_Wanderers,EPL,92.6,68.2,65.8,25.0,Brazil,"1,83m",right,€55.000.000,"Jun 30, 2029",Centre-Forward,€5.550.342.00,€74.123.156
Dominic Calvert-Lewin,Everton,EPL,92.2,65.7,57.7,28.0,England,"1,89m",right,€20.000.000,"Jun 30, 2025",Centre-Forward,€6.167.047.00,€0
Joshua King,Toulouse,Ligue_1,91.5,65.2,61.4,33.0,Norway,"1,80m",right,€2.000.000,"Jun 30, 2025",Centre-Forward,€2.180.000.00,€0
Dušan Vlahović,Juventus,Serie_A,90.7,78.9,71.2,25.0,Serbia,"1,90m",left,€45.000.000,"Jun 30, 2026",Centre-Forward,€19.440.000.00,€0
Amine Gouiri,Rennes,Ligue_1,90.5,57.7,55.9,,,,,,,,,
Nuno da Costa,Kasımpaşa,Süper_Lig,89.8,36.3,48.0,,,,,,,,,
Mamadou Sylla,Valladolid,La_Liga,89.4,54.5,47.9,31.0,"Senegal, Spain","1,80m",right,€1.500.000,"Jun 30, 2026",Centre-Forward,€900.000.00,€0
Jørgen Strand Larsen,Wolverhampton_Wanderers,EPL,88.0,67.5,70.2,25.0,Norway,"1,93m",right,€27.000.000,"Jun 30, 2025",Centre-Forward,€925.057.00,€0
Blaž Kramer,Konyaspor,Süper_Lig,87.7,37.0,45.6,,,,,,,,,
Tammy Abraham,Milan,Serie_A,87.5,62.0,55.1,27.0,"England, Nigeria","1,94m",right,€15.000.000,"Jun 30, 2025",Centre-Forward,€5.770.000.00,€0
Luis Muriel,Orlando_City,MLS,87.4,50.2,41.9,34.0,Colombia,"1,80m",right,€1.500.000,"Dec 31, 2026",Centre-Forward,€2.500.457.00,€0
Sébastien Haller,Utrecht,Eredivisie,87.2,53.1,55.0,30.0,"Cote d'Ivoire, France","1,90m",right,€3.000.000,"Jun 30, 2025",Centre-Forward,€2.500.000.00,€0
Benedict Hollerbach,Union_Berlin,Bundesliga,87.2,73.8,64.0,23.0,Germany,"1,81m",right,€7.500.000,-,Centre-Forward,€500.000.00,€0
Mostafa Mohamed,Nantes,Ligue_1,87.0,66.5,65.5,27.0,Egypt,"1,85m",right,€6.000.000,"Jun 30, 2027",Centre-Forward,€1.770.000.00,€0
Chris Wood,Nottingham_Forest,EPL,86.8,66.6,68.7,33.0,New Zealand,"1,91m",right,€10.000.000,"Jun 30, 2027",Centre-Forward,,
Krzysztof Piątek,Başakşehir,Süper_Lig,86.2,36.7,51.7,,,,,,,,,
Marius Mouandilmadji,Samsunspor,Süper_Lig,85.7,35.8,43.2,27.0,Chad,"1,90m",right,€3.500.000,"Jun 30, 2026",Centre-Forward,,
Duckens Nazon,Kayserispor,Süper_Lig,85.7,34.8,44.3,31.0,"Haiti, France","1,81m",right,€1.200.000,"Jun 30, 2026",Centre-Forward,€750.000.00,€0
Alexander Sørloth,Atletico_Madrid,La_Liga,85.1,73.7,90.3,29.0,Norway,"1,95m",left,€25.000.000,"Jun 30, 2028",Centre-Forward,,
Neal Maupay,Marseille,Ligue_1,84.7,58.7,59.1,28.0,"France, Argentina","1,71m",right,€10.000.000,"Jun 30, 2025",Centre-Forward,€3.000.000.00,€0
Darwin Núñez,Liverpool,EPL,84.5,53.1,50.3,25.0,Uruguay,"1,87m",right,€50.000.000,"Jun 30, 2028",Centre-Forward,€8.633.865.00,€0
Amine El Ouazzani,Braga,Primeira_Liga,84.5,57.8,57.1,23.0,"Morocco, France","1,88m",left,€3.500.000,"Jun 30, 2029",Centre-Forward,€480.000.00,€0
Elías Már Ómarsson,NAC_Breda,Eredivisie,84.3,59.2,63.7,30.0,Iceland,"1,80m",right,€0,"Jun 30, 2025",Centre-Forward,€300.000.00,€0
Viktor Gyökeres,Sporting_CP,Primeira_Liga,84.3,99.0,94.9,26.0,"Sweden, Hungary","1,89m",right,€75.000.000,"Jun 30, 2028",Centre-Forward,€2.400.000.00,€100.000.000
Rafael Navarro,Colorado_Rapids,MLS,84.2,59.9,57.1,25.0,Brazil,"1,83m",right,€5.000.000,"Dec 31, 2027",Centre-Forward,€1.228.684.00,€0
Kylian Mbappé,Real_Madrid,La_Liga,84.0,98.3,99.0,26.0,"France, Cameroon","1,78m",right,€170.000.000,"Jun 30, 2029",Centre-Forward,€31.250.000.00,€0
M'Bala Nzola,Lens,Ligue_1,83.4,73.7,70.0,28.0,"Angola, France","1,85m",left,€8.000.000,"Jun 30, 2025",Centre-Forward,€2.730.000.00,€0
Cassiano,Casa_Pia,Primeira_Liga,83.3,55.1,54.9,35.0,Brazil,"1,84m",right,€0,"Jun 30, 2026",Centre-Forward,€450.000.00,€0
Jeremy Bokila,Willem_II,Eredivisie,83.2,47.6,44.1,36.0,"DR Congo, Netherlands","1,88m",left,€0,"Jun 30, 2025",Centre-Forward,€150.000.00,€0
Gerard Moreno,Villareal,La_Liga,83.0,60.7,55.7,33.0,Spain,"1,80m",left,€5.000.000,"Jun 30, 2027",Centre-Forward,,
Sergio Camello,Rayo_Vallecano,La_Liga,82.9,53.4,55.2,24.0,Spain,"1,82m",right,€3.500.000,"Jun 30, 2027",Centre-Forward,€650.000.00,€0
Erling Haaland,Manchester_City,EPL,82.8,79.2,92.0,24.0,Norway,"1,95m",left,€200.000.000,"Jun 30, 2034",Centre-Forward,,
Vitinha,Genoa,Serie_A,82.7,57.4,41.5,25.0,Portugal,"1,78m",right,€10.000.000,"Jun 30, 2028",Centre-Forward,€3.330.000.00,€0
Edin Džeko,Fenerbahçe,Süper_Lig,82.6,35.3,49.4,,,,,,,,,
Simon Banza,Trabzonspor,Süper_Lig,82.6,39.8,49.6,28.0,"DR Congo, France","1,89m",right,€15.000.000,"Jun 30, 2025",Centre-Forward,€830.000.00,€0
Joshua Zirkzee,Manchester_United,EPL,82.5,51.1,47.7,23.0,"Netherlands, Nigeria","1,93m",right,€35.000.000,"Jun 30, 2029",Centre-Forward,,
Mika Biereth,Monaco,Ligue_1,82.4,74.6,82.9,22.0,"Denmark, England","1,87m",right,€25.000.000,"Jun 30, 2029",Centre-Forward,€1.150.000.00,€0
Pablo Durán,Celta_Vigo,La_Liga,82.1,55.7,54.8,23.0,Spain,"1,76m",right,€3.500.000,"Jun 30, 2027",Centre-Forward,€140.000.00,€0
Rasmus Højlund,Manchester_United,EPL,81.7,51.4,49.7,22.0,Denmark,"1,91m",left,€45.000.000,"Jun 30, 2028",Centre-Forward,,
Gorka Guruzeta,Athletic_Club,La_Liga,81.4,61.8,68.8,28.0,Spain,"1,88m",right,€12.000.000,"Jun 30, 2028",Centre-Forward,€2.080.000.00,€0
Alassane Pléa,Monchengladbach,Bundesliga,80.9,69.6,64.9,32.0,"France, Mali","1,81m",right,€6.000.000,"Jun 30, 2026",Centre-Forward,€4.720.000.00,€7.000.000
Victor Osimhen,Galatasaray,Süper_Lig,80.2,38.8,52.6,26.0,Nigeria,"1,86m",right,€70.000.000,"Jun 30, 2025",Centre-Forward,€10.000.000.00,€0
Dries Mertens,Galatasaray,Süper_Lig,80.0,36.2,42.6,37.0,Belgium,"1,69m",right,€1.500.000,"Jun 30, 2025",Second Striker,€4.830.000.00,€0
Ibrahima Niane,Angers,Ligue_1,79.5,54.6,53.6,26.0,"Senegal, France","1,87m",right,€1.500.000,"Jun 30, 2025",Centre-Forward,€600.000.00,€0
Phillip Tietz,Augsburg,Bundesliga,79.3,68.4,57.5,27.0,Germany,"1,90m",right,€5.000.000,"Jun 30, 2027",Centre-Forward,€750.000.00,€0
Wout Weghorst,Ajax,Eredivisie,79.1,53.8,52.0,32.0,Netherlands,"1,97m",right,€5.000.000,"Jun 30, 2026",Centre-Forward,€2.500.000.00,€0
Artem Dovbyk,Roma,Serie_A,78.5,81.4,75.0,27.0,Ukraine,"1,89m",left,€30.000.000,"Jun 30, 2029",Centre-Forward,€5.560.000.00,€0
Kikas,Estrela,Primeira_Liga,78.5,56.4,53.4,26.0,Portugal,"1,77m",right,€1.000.000,"Jun 30, 2026",Centre-Forward,€90.000.00,€0
Phil Harres,Holstein_Kiel,Bundesliga,78.0,60.0,59.8,23.0,Germany,"1,93m",right,€4.500.000,-,Centre-Forward,€200.000.00,€0
Marcos André,Valladolid,La_Liga,78.0,56.1,49.2,28.0,"Brazil, Spain","1,85m",right,€1.200.000,"Jun 30, 2029",Centre-Forward,€1.500.000.00,€0
Loïs Openda,RB_Leipzig,Bundesliga,77.9,80.1,75.8,25.0,"Belgium, Morocco","1,77m",right,€60.000.000,"Jun 30, 2028",Centre-Forward,€5.660.000.00,€80.000.000
Daniel Mosquera,Hellas_Verona,Serie_A,77.2,63.1,57.7,25.0,Colombia,"1,80m",right,€1.500.000,"Jun 30, 2028",Centre-Forward,€560.000.00,€0
Walid Cheddira,Espanyol,La_Liga,77.1,45.4,45.2,27.0,"Morocco, Italy","1,87m",right,€3.000.000,"Jun 30, 2025",Centre-Forward,€310.000.00,€0
Zeki Amdouni,Benfica,Primeira_Liga,76.9,48.7,47.9,24.0,"Switzerland, Türkiye","1,85m",both,€15.000.000,"Jun 30, 2025",Centre-Forward,€1.850.000.00,€0
Mohamed Amoura,Wolfsburg,Bundesliga,76.6,80.4,62.3,24.0,Algeria,"1,70m",right,€32.000.000,"Jun 30, 2025",Centre-Forward,€470.000.00,€0
Braian Samudio,Antalyaspor,Süper_Lig,76.1,34.5,41.9,29.0,Paraguay,"1,81m",right,€1.200.000,"Jun 30, 2026",Centre-Forward,€840.000.00,€0
André Ayew,Le_Havre,Ligue_1,76.0,55.7,58.8,35.0,"Ghana, France","1,75m",left,€0,"Jun 30, 2025",Centre-Forward,€1.820.000.00,€0
Frank Magri,Toulouse,Ligue_1,75.9,59.6,60.7,25.0,"Cameroon, France","1,78m",right,€2.500.000,"Jun 30, 2026",Centre-Forward,€500.000.00,€0
Karlan Grant,West_Bromwich_Albion,Championship,75.9,57.2,47.9,27.0,"England, Scotland","1,83m",right,€3.800.000,"Jun 30, 2026",Centre-Forward,€1.233.409.00,€0
Ademola Lookman,Atalanta,Serie_A,75.9,99.0,74.9,27.0,"Nigeria, England","1,74m",right,€60.000.000,"Jun 30, 2027",Second Striker,€2.310.000.00,€0
Victor Boniface,Bayer_Leverkusen,Bundesliga,75.5,65.4,63.5,24.0,Nigeria,"1,90m",right,€45.000.000,"Jun 30, 2028",Centre-Forward,,
Sam Greenwood,Preston_North_End,Championship,75.2,49.3,43.7,23.0,England,"1,80m",right,€4.500.000,"May 31, 2025",Centre-Forward,€1.850.114.00,€0
Armindo Sieb,Mainz_05,Bundesliga,75.1,49.3,44.1,22.0,"Germany, Mozambique","1,75m",both,€4.000.000,"Jun 30, 2026",Second Striker,€470.000.00,€0
Eddie Nketiah,Crystal_Palace,EPL,74.9,47.1,44.1,25.0,"England, Ghana","1,75m",right,€22.000.000,"Jun 30, 2029",Centre-Forward,,
Florian Thauvin,Udinese,Serie_A,74.4,75.4,61.1,32.0,France,"1,81m",left,€5.000.000,"Jun 30, 2025",Second Striker,€2.310.000.00,€0
Matthis Abline,Nantes,Ligue_1,74.3,80.1,73.3,22.0,France,"1,82m",right,€12.000.000,"Jun 30, 2028",Centre-Forward,€910.000.00,€0
Eldor Shomurodov,Roma,Serie_A,74.2,51.9,49.0,29.0,Uzbekistan,"1,90m",right,€4.000.000,"Jun 30, 2026",Centre-Forward,€1.920.000.00,€0
Florian Sotoca,Lens,Ligue_1,74.2,86.0,61.9,34.0,France,"1,87m",right,€2.500.000,"Jun 30, 2026",Centre-Forward,€600.000.00,€0
Alejandro Marqués,Estoril,Primeira_Liga,74.1,55.2,49.3,24.0,"Venezuela, Spain","1,89m",right,€1.500.000,"Jun 30, 2026",Centre-Forward,€270.000.00,€0
Semih Kılıçsoy,Beşiktaş,Süper_Lig,74.1,33.1,39.3,,,,,,,,,
Stéphane Bahoken,Kayserispor,Süper_Lig,74.1,35.3,42.3,32.0,"Cameroon, France","1,85m",right,€0,"Jun 30, 2025",Centre-Forward,€840.000.00,€0
Gabriel Jesus,Arsenal,EPL,74.0,46.5,42.4,28.0,Brazil,"1,75m",right,€40.000.000,"Jun 30, 2027",Centre-Forward,€16.342.673.00,€0
Christopher Nkunku,Chelsea,EPL,73.9,50.4,46.2,27.0,"France, DR Congo","1,77m",right,€45.000.000,"Jun 30, 2029",Centre-Forward,€12.025.741.00,€0
Antoine Griezmann,Atletico_Madrid,La_Liga,73.8,78.3,67.3,34.0,France,"1,76m",left,€22.000.000,"Jun 30, 2026",Centre-Forward,€12.500.000.00,€25.000.000
Hugo Ekitike,Eintracht_Frankfurt,Bundesliga,73.4,94.5,96.3,,,,,,,,,
Ricky van Wolfswinkel,Twente,Eredivisie,73.3,52.1,51.0,36.0,Netherlands,"1,86m",right,€0,"Jun 30, 2026",Centre-Forward,€300.000.00,€0
Patrick Agyemang,Charlotte,MLS,73.0,52.5,54.5,24.0,"United States, Ghana","1,93m",,€4.000.000,"Dec 31, 2025",Centre-Forward,€63.024.00,€0
Callum Lang,Portsmouth,Championship,72.9,56.6,52.9,26.0,England,"1,83m",right,€2.500.000,"Jun 30, 2026",Second Striker,€308.352.00,€0
Luis Suárez,Inter_Miami,MLS,72.4,58.5,65.7,38.0,Uruguay,"1,82m",right,€2.000.000,"Dec 31, 2025",Centre-Forward,€1.324.013.00,€0
Esteban Lepaul,Angers,Ligue_1,72.4,63.2,60.9,,,,,,,,,
Charles-Andréas Brym,Almere_City,Eredivisie,72.4,44.9,47.9,,,,,,,,,
Casper Tengstedt,Hellas_Verona,Serie_A,72.1,54.9,49.8,24.0,Denmark,"1,84m",right,€7.000.000,"Jun 30, 2025",Centre-Forward,€540.000.00,€0
Zé Luís,AVS_Futebol,Primeira_Liga,72.1,53.8,44.8,34.0,"Cape Verde, Portugal","1,84m",left,€0,"Jun 30, 2025",Centre-Forward,€480.000.00,€0
Iago Aspas,Celta_Vigo,La_Liga,71.6,74.7,68.3,37.0,Spain,"1,76m",left,€2.500.000,"Jun 30, 2026",Centre-Forward,€2.900.000.00,€0
Jonathan Rodríguez,Portland_Timbers,MLS,71.3,64.5,60.9,31.0,Uruguay,"1,78m",right,€3.000.000,"Dec 31, 2026",Centre-Forward,€1.566.748.00,€0
Rémy Labeau Lascary,Lens,Ligue_1,71.3,54.6,48.5,22.0,"Guadeloupe, France","1,84m",right,€2.500.000,"Jun 30, 2028",Centre-Forward,€450.000.00,€0
Tiago Tomás,Wolfsburg,Bundesliga,71.2,63.5,62.4,22.0,Portugal,"1,80m",right,€12.000.000,"Jun 30, 2027",Centre-Forward,€1.500.000.00,€0
David Min,Utrecht,Eredivisie,70.9,50.4,47.8,25.0,Netherlands,"1,94m",right,€1.000.000,"Jun 30, 2028",Centre-Forward,€400.000.00,€0
Budu Zivzivadze,Heidenheim,Bundesliga,70.9,44.0,40.7,31.0,Georgia,"1,89m",both,€2.500.000,"Jun 30, 2029",Centre-Forward,€1.140.000.00,€0
Halil Dervişoğlu,Gaziantep_FK,Süper_Lig,70.8,35.5,40.0,25.0,"Türkiye, Netherlands","1,83m",right,€0,"Jun 30, 2025",Centre-Forward,€1.600.000.00,€0
Conrad Harder,Sporting_CP,Primeira_Liga,70.5,51.6,45.5,20.0,Denmark,"1,85m",left,€24.000.000,"Jun 30, 2029",Centre-Forward,€770.000.00,€0
Benedikt Pichler,Holstein_Kiel,Bundesliga,70.5,52.4,45.5,27.0,Austria,"1,88m",right,€2.000.000,"Jun 30, 2027",Centre-Forward,€650.000.00,€0
Roberto Férnandez,Espanyol,La_Liga,70.5,56.0,60.4,,,,,,,,,
Taulant Seferi,BB_Bodrumspor,Süper_Lig,70.4,35.8,38.6,28.0,"Albania, North Macedonia","1,84m",right,€2.500.000,"Jun 30, 2027",Centre-Forward,€330.000.00,€0
Junior Adamu,Freiburg,Bundesliga,70.3,55.7,51.7,23.0,Austria,"1,83m",right,€6.000.000,-,Centre-Forward,€700.000.00,€0
Sebastiano Esposito,Empoli,Serie_A,70.0,67.7,56.7,22.0,Italy,"1,83m",right,€10.000.000,"Jun 30, 2025",Second Striker,€740.000.00,€0
Max Svensson,Casa_Pia,Primeira_Liga,69.8,46.3,40.7,23.0,"Spain, Sweden","1,82m",right,€0,"Jun 30, 2027",Centre-Forward,€180.000.00,€0
Richonell Margaret,RKC_Waalwijk,Eredivisie,69.8,64.1,53.1,24.0,"Suriname, Netherlands","1,91m",right,€0,"Jun 30, 2026",Centre-Forward,€150.000.00,€0
Rodrigo Muniz,Fulham,EPL,69.8,51.7,52.1,24.0,Brazil,"1,86m",right,€20.000.000,"Jun 30, 2026",Centre-Forward,€462.528.00,€0
João Félix,Milan,Serie_A,69.7,48.5,41.0,25.0,Portugal,"1,81m",right,€25.000.000,"Jun 30, 2025",Second Striker,€4.170.000.00,€0
Tim Kleindienst,Monchengladbach,Bundesliga,69.5,85.7,82.5,29.0,Germany,"1,94m",both,€17.000.000,"Jun 30, 2028",Centre-Forward,€2.450.000.00,€7.000.000
Mikael Uhre,Philadelphia_Union,MLS,69.3,54.2,54.8,30.0,Denmark,"1,88m",right,€3.500.000,"Dec 31, 2025",Centre-Forward,€1.588.815.00,€0
Adolfo Gaich,Antalyaspor,Süper_Lig,69.2,36.4,44.1,26.0,"Argentina, Italy","1,90m",right,€1.400.000,"Jun 30, 2025",Centre-Forward,€1.750.000.00,€0
Milan Smit,Go_Ahead_Eag,Eredivisie,68.5,43.7,44.6,22.0,Netherlands,"1,90m",right,€1.000.000,"Jun 30, 2028",Centre-Forward,€120.000.00,€0
João Pedro,Brighton_and_Hove_Albion,EPL,68.5,71.0,58.0,23.0,Brazil,"1,82m",right,€50.000.000,"Jun 30, 2028",Centre-Forward,€3.083.523.00,€0
David Okereke,Gaziantep_FK,Süper_Lig,68.4,36.5,43.5,27.0,Nigeria,"1,81m",right,€2.200.000,"Jun 30, 2025",Centre-Forward,€1.000.000.00,€0
Michail Antonio,West_Ham_United,EPL,68.4,47.1,40.0,35.0,"Jamaica, England","1,80m",right,€1.000.000,"Jun 30, 2025",Centre-Forward,€5.241.990.00,€0
Carlton Morris,Luton_Town,Championship,68.3,58.2,51.4,29.0,England,"1,85m",right,€8.000.000,-,Centre-Forward,€616.705.00,€0
Kyan Vaesen,Willem_II,Eredivisie,68.3,54.9,48.4,24.0,Belgium,"1,90m",right,€0,"Jun 30, 2025",Centre-Forward,€270.000.00,€0
Jizz Hornkamp,Heracles_Almelo,Eredivisie,68.0,53.1,52.1,27.0,Netherlands,"1,82m",right,€0,"Jun 30, 2026",Centre-Forward,€190.000.00,€0
Abel Ruiz,Girona,La_Liga,67.9,52.2,52.0,25.0,Spain,"1,82m",right,€6.000.000,"Jun 30, 2029",Centre-Forward,€1.660.000.00,€0
Michael Gregoritsch,Freiburg,Bundesliga,67.7,49.0,43.8,31.0,Austria,"1,93m",left,€4.000.000,-,Centre-Forward,€1.140.000.00,€0
Harry Kane,Bayern_Munich,Bundesliga,67.7,91.0,85.9,31.0,England,"1,88m",right,€90.000.000,"Jun 30, 2027",Centre-Forward,€25.000.000.00,€65.000.000
Ion Nicolaescu,Heerenveen,Eredivisie,67.5,50.8,51.5,26.0,"Moldova, Romania","1,84m",right,€1.500.000,"Jun 30, 2026",Centre-Forward,€360.000.00,€0
Adam Hložek,Hoffenheim,Bundesliga,67.3,68.6,62.5,,,,,,,,,
Oskar Zawada,RKC_Waalwijk,Eredivisie,67.2,66.8,79.7,29.0,Poland,"1,92m",right,€0,"Jun 30, 2026",Centre-Forward,€350.000.00,€0
Romano Postema,Groningen,Eredivisie,67.1,46.3,43.3,23.0,Netherlands,"1,75m",right,€0,"Jun 30, 2027",Centre-Forward,€200.000.00,€0
Arnaud Kalimuendo,Rennes,Ligue_1,67.0,82.4,72.7,23.0,"France, DR Congo","1,75m",right,€20.000.000,"Jun 30, 2027",Centre-Forward,€1.500.000.00,€0
Jorge Aguirre,Gil_Vicente_FC,Primeira_Liga,67.0,48.9,45.0,25.0,"Cuba, Spain","1,83m",right,€0,"Jun 30, 2027",Centre-Forward,€120.000.00,€0
Giacomo Raspadori,Napoli,Serie_A,66.9,48.3,45.1,25.0,Italy,"1,72m",right,€20.000.000,"Jun 30, 2028",Second Striker,€4.630.000.00,€0
Vincent Aboubakar,Hatayspor,Süper_Lig,66.5,33.9,41.2,33.0,Cameroon,"1,84m",right,€1.600.000,"Jun 30, 2025",Centre-Forward,€2.500.000.00,€0
Rômulo,Göztepe,Süper_Lig,66.5,35.6,43.1,,,,,,,,€500.000.00,€0
Ayoze Pérez,Villareal,La_Liga,66.4,73.0,92.3,31.0,Spain,"1,78m",right,€10.000.000,"Jun 30, 2028",Centre-Forward,,
Koki Ogawa,NEC_Nijmegen,Eredivisie,66.4,56.7,62.7,27.0,Japan,"1,86m",right,€3.000.000,"Jun 30, 2027",Centre-Forward,€300.000.00,€0
Ado Onaiwu,Auxerre,Ligue_1,66.4,60.7,57.4,29.0,Japan,"1,80m",right,€1.800.000,"Jun 30, 2026",Centre-Forward,€840.000.00,€0
Eliezer Mayenda,Sunderland,Championship,66.3,52.1,53.2,19.0,"Spain, France","1,80m",left,€4.000.000,"Jun 30, 2028",Centre-Forward,€400.858.00,€0
Luka Kulenović,Heracles_Almelo,Eredivisie,66.0,56.9,58.5,,,,,,,,,
Sandro Ramírez,Las_Palmas,La_Liga,66.0,71.1,71.2,29.0,Spain,"1,74m",right,€2.500.000,"Jun 30, 2026",Centre-Forward,€1.490.000.00,€0
Thijs Dallinga,Bologna,Serie_A,66.0,55.4,48.1,24.0,Netherlands,"1,90m",right,€12.000.000,"Jun 30, 2028",Centre-Forward,€2.960.000.00,€0
João Figueiredo,Başakşehir,Süper_Lig,65.9,37.1,42.3,28.0,Brazil,"1,80m",right,€2.100.000,"Jun 30, 2026",Centre-Forward,€1.100.000.00,€0
Marcus Thuram,Internazionale,Serie_A,65.8,88.4,80.5,27.0,"France, Guadeloupe","1,92m",right,€75.000.000,"Jun 30, 2028",Centre-Forward,€7.690.000.00,€95.000.000
Mexx Meerdink,AZ_Alkmaar,Eredivisie,65.5,51.8,52.6,21.0,Netherlands,"1,82m",left,€4.000.000,"Jun 30, 2030",Centre-Forward,€400.000.00,€0
Christian Benteke,D.C_United,MLS,65.5,64.2,70.7,34.0,"Belgium, DR Congo","1,90m",right,€2.500.000,"Dec 31, 2025",Centre-Forward,€3.751.369.00,€0
Diego Rubio,Austin,MLS,65.4,51.1,47.3,31.0,"Chile, Germany","1,79m",right,€1.000.000,"Dec 31, 2025",Centre-Forward,,
Alessio da Cruz,Fortuna_Sittard,Eredivisie,65.3,49.1,52.3,28.0,"Cape Verde, Netherlands","1,86m",right,€0,"Jun 30, 2025",Centre-Forward,€300.000.00,€0
Alejo Véliz,Espanyol,La_Liga,65.0,52.3,51.0,,,,,,,,,
Randal Kolo Muani,Juventus,Serie_A,64.8,51.2,46.2,26.0,"France, DR Congo","1,87m",right,€30.000.000,"Jun 30, 2025",Centre-Forward,€4.630.000.00,€0
Georginio Rutter,Brighton_and_Hove_Albion,EPL,64.8,59.2,54.3,23.0,"France, Martinique","1,82m",left,€32.000.000,"Jun 30, 2028",Centre-Forward,€4.625.285.00,€0
Paulo Dybala,Roma,Serie_A,64.7,63.0,52.8,31.0,"Argentina, Italy","1,77m",left,€8.000.000,"Jun 30, 2026",Second Striker,€12.960.000.00,€12.000.000
Lautaro Martínez,Internazionale,Serie_A,64.7,93.4,89.7,27.0,Argentina,"1,74m",right,€95.000.000,"Jun 30, 2029",Centre-Forward,€16.670.000.00,€0
Hugo Cuypers,Chicago_Fire,MLS,64.6,55.9,58.2,28.0,Belgium,"1,85m",right,€9.000.000,"Dec 31, 2026",Centre-Forward,€2.858.102.00,€0
Amine Gouiri,Marseille,Ligue_1,64.5,54.1,59.1,25.0,"Algeria, France","1,81m",right,€20.000.000,"Jun 30, 2029",Centre-Forward,€4.550.000.00,€0
Clayton,Rio_Ave,Primeira_Liga,64.3,65.0,69.2,26.0,Brazil,"1,84m",right,€5.000.000,"Jun 30, 2025",Centre-Forward,€770.000.00,€0
Rafa Mir,Valencia,La_Liga,64.3,45.8,45.5,27.0,Spain,"1,91m",right,€0,"Jun 30, 2025",Centre-Forward,€1.900.000.00,€0
Jonas Wind,Wolfsburg,Bundesliga,64.2,69.4,58.8,26.0,Denmark,"1,90m",right,€15.000.000,"Jun 30, 2026",Centre-Forward,€2.040.000.00,€0
Joël Piroe,Leeds_United,Championship,64.2,58.5,63.6,25.0,"Netherlands, Suriname","1,85m",left,€16.000.000,"Jun 30, 2027",Centre-Forward,€925.057.00,€0
Irvin Cardona,Saint_Etienne,Ligue_1,64.1,61.8,55.8,27.0,"France, Malta","1,85m",right,€2.000.000,"Jun 30, 2025",Centre-Forward,€560.000.00,€0
Marvin Pieringer,Heidenheim,Bundesliga,64.0,68.6,62.8,25.0,Germany,"1,91m",right,€5.500.000,"Jun 30, 2027",Centre-Forward,€780.000.00,€0
Julián Álvarez,Atletico_Madrid,La_Liga,63.9,73.3,82.7,,,,,,,,,
Isaac,Nacional,Primeira_Liga,63.9,51.9,45.8,21.0,"Brazil, Croatia","1,85m",both,€0,"Jun 30, 2025",Centre-Forward,€240.000.00,€0
Nikola Krstović,Lecce,Serie_A,63.8,80.8,72.6,25.0,"Montenegro, Serbia","1,85m",right,€14.000.000,"Jun 30, 2027",Centre-Forward,€450.000.00,€0
Keinan Davis,Udinese,Serie_A,63.7,53.0,44.1,27.0,England,"1,89m",left,€4.000.000,"Jun 30, 2027",Centre-Forward,€900.000.00,€0
Patrik Schick,Bayer_Leverkusen,Bundesliga,63.7,68.2,76.9,29.0,Czech Republic,"1,91m",left,€27.000.000,"Jun 30, 2027",Centre-Forward,,
Serhou Guirassy,Dortmund,Bundesliga,63.5,87.1,99.0,29.0,"Guinea, France","1,87m",right,€40.000.000,"Jun 30, 2028",Centre-Forward,€9.430.000.00,€70.000.000
Ibrahim Sissoko,Saint_Etienne,Ligue_1,63.5,51.1,48.2,29.0,"Mali, France","1,92m",right,€2.000.000,"Jun 30, 2026",Centre-Forward,€420.000.00,€0
Yoane Wissa,Brentford,EPL,63.5,77.0,85.9,28.0,"DR Congo, France","1,76m",right,€30.000.000,"Jun 30, 2026",Centre-Forward,€1.541.762.00,€0
Sam Surridge,Nashville_SC,MLS,63.3,55.5,57.7,26.0,England,"1,90m",right,€5.000.000,"Dec 31, 2026",Centre-Forward,€2.206.688.00,€0
Alexander Isak,Newcastle_United,EPL,63.3,79.4,85.2,25.0,"Sweden, Eritrea","1,92m",right,€100.000.000,"Jun 30, 2028",Centre-Forward,€7.400.456.00,€0
Henrique Araújo,Arouca,Primeira_Liga,63.1,44.5,41.0,23.0,Portugal,"1,82m",right,€2.000.000,"Jun 30, 2025",Centre-Forward,€1.200.000.00,€0
Omar Marmoush,Manchester_City,EPL,63.1,49.5,47.0,26.0,"Egypt, Canada","1,83m",right,€75.000.000,"Jun 30, 2029",Centre-Forward,,
Breel Embolo,Monaco,Ligue_1,63.0,84.4,84.2,28.0,"Switzerland, Cameroon","1,87m",right,€12.000.000,"Jun 30, 2026",Centre-Forward,€3.450.000.00,€0
Umut Nayir,Konyaspor,Süper_Lig,62.7,33.5,38.1,31.0,Türkiye,"1,91m",right,€0,"Jun 30, 2026",Centre-Forward,€1.170.000.00,€0
Juanmi Latasa,Valladolid,La_Liga,62.6,59.3,58.5,24.0,Spain,"1,92m",left,€2.500.000,"Jun 30, 2029",Centre-Forward,€840.000.00,€0
Gonçalo Ramos,Paris_Saint_Germain,Ligue_1,62.6,65.8,73.4,23.0,Portugal,"1,85m",right,€45.000.000,"Jun 30, 2028",Centre-Forward,€5.500.000.00,€0
Julián Carranza,Feyenoord,Eredivisie,62.2,47.9,50.8,24.0,"Argentina, Italy","1,82m",right,€6.000.000,"Jun 30, 2028",Centre-Forward,€1.180.000.00,€0
Liam Cullen,Swansea_City,Championship,62.1,51.9,51.8,26.0,Wales,"1,78m",left,€1.200.000,"Jun 30, 2028",Centre-Forward,€246.682.00,€0
Logan Farrington,FC_Dallas,MLS,62.0,44.7,42.5,23.0,United States,"1,88m",,€0,"Dec 31, 2027",Centre-Forward,€63.024.00,€0
Sekou Mara,Strasbourg,Ligue_1,61.9,50.7,43.0,,,,,,,,,
Haji Wright,Coventry_City,Championship,61.9,58.7,57.9,27.0,"United States, Liberia","1,93m",right,€8.500.000,"Jun 30, 2027",Centre-Forward,€1.541.762.00,€0
Antonio Sanabria,Torino,Serie_A,61.6,49.8,43.0,29.0,"Paraguay, Spain","1,80m",right,€4.000.000,"Jun 30, 2026",Centre-Forward,€2.960.000.00,€0
Jeremy Ebobisse,SJ_Earthquakes,MLS,61.3,51.5,50.2,,,,,,,,,
Dany Mota,Monza,Serie_A,61.1,72.8,59.4,27.0,"Portugal, Luxembourg","1,80m",right,€5.000.000,"Jun 30, 2027",Second Striker,€1.110.000.00,€0
Ricardo Pepi,PSV_Eindhoven,Eredivisie,61.1,48.2,55.5,22.0,"United States, Mexico","1,85m",right,€18.000.000,"Jun 30, 2030",Centre-Forward,€2.350.000.00,€0
Liam Delap,Ipswich_Town,EPL,60.9,67.3,65.0,22.0,"England, Ireland","1,86m",right,€35.000.000,"Jun 30, 2029",Centre-Forward,,
Youssef En-Nesyri,Fenerbahçe,Süper_Lig,60.8,37.5,47.4,,,,,,,,€6.670.000.00,€0
George Pușcaș,BB_Bodrumspor,Süper_Lig,60.8,35.1,41.2,29.0,Romania,"1,88m",right,€1.300.000,"Jun 30, 2027",Centre-Forward,€1.670.000.00,€0
Ciro Immobile,Beşiktaş,Süper_Lig,60.8,35.0,41.4,,,,,,,,,
Rodrigo Ribeiro,AVS_Futebol,Primeira_Liga,60.7,45.9,41.4,20.0,Portugal,"1,86m",right,€3.000.000,"Jun 30, 2025",Centre-Forward,€450.000.00,€0
Umar Sadiq,Valencia,La_Liga,60.6,54.9,59.3,28.0,Nigeria,"1,91m",right,€5.000.000,"Jun 30, 2025",Centre-Forward,€1.200.000.00,€0
Róbert Boženík,Boavista,Primeira_Liga,60.6,64.8,61.4,,,,,,,,,
Yuki Ohashi,Blackburn_Rovers,Championship,60.1,51.3,49.4,28.0,Japan,"1,81m",right,€1.500.000,"Jun 30, 2027",Centre-Forward,€925.057.00,€0
Beto,Everton,EPL,60.1,56.6,54.7,27.0,"Guinea-Bissau, Portugal","1,94m",right,€20.000.000,"Jun 30, 2027",Centre-Forward,€3.083.523.00,€0
Cédric Bakambu,Real_Betis,La_Liga,60.0,47.1,56.9,34.0,"DR Congo, France","1,82m",right,€1.800.000,"Jun 30, 2026",Centre-Forward,€1.200.000.00,€0
Caleb Ekuban,Genoa,Serie_A,59.8,47.9,43.0,31.0,"Ghana, Italy","1,82m",right,€1.500.000,"Jun 30, 2026",Centre-Forward,€770.000.00,€0
Tino Kadewere,Nantes,Ligue_1,59.6,53.4,48.6,29.0,Zimbabwe,"1,83m",right,€3.000.000,"Jun 30, 2027",Centre-Forward,€910.000.00,€0
Benjamin Šeško,RB_Leipzig,Bundesliga,59.5,80.2,70.3,,,,,,,,,
Thierno Barry,Villareal,La_Liga,59.4,81.9,91.4,22.0,"France, Guinea","1,95m",right,€14.000.000,"Jun 30, 2029",Centre-Forward,,
Bojan Miovski,Girona,La_Liga,59.3,47.9,47.9,25.0,North Macedonia,"1,89m",left,€3.000.000,"Jun 30, 2028",Centre-Forward,€720.000.00,€0
Raúl Jiménez,Fulham,EPL,59.3,71.6,65.7,33.0,Mexico,"1,87m",right,€5.000.000,"Jun 30, 2025",Centre-Forward,€6.167.047.00,€0
Petar Musa,FC_Dallas,MLS,59.3,59.3,56.5,27.0,Croatia,"1,88m",right,€7.000.000,"Dec 31, 2027",Centre-Forward,€1.588.815.00,€0
Kayden Jackson,Derby_County,Championship,59.1,53.9,45.7,31.0,England,"1,81m",right,€0,"Jun 30, 2026",Centre-Forward,€740.046.00,€0
Lucas Höler,Freiburg,Bundesliga,59.0,76.0,66.6,30.0,Germany,"1,84m",right,€3.500.000,-,Centre-Forward,€520.000.00,€0
Jonathan Burkardt,Mainz_05,Bundesliga,59.0,71.8,78.8,24.0,Germany,"1,83m",right,€35.000.000,"Jun 30, 2027",Centre-Forward,€1.890.000.00,€0
Mehdi Taremi,Internazionale,Serie_A,59.0,49.0,41.0,32.0,Iran,"1,85m",right,€5.000.000,"Jun 30, 2027",Centre-Forward,€5.560.000.00,€0
Shuto Machino,Holstein_Kiel,Bundesliga,58.9,67.3,60.3,25.0,Japan,"1,85m",right,€3.500.000,"Jun 30, 2027",Centre-Forward,€420.000.00,€0
Callum Robinson,Cardiff_City,Championship,58.5,53.2,51.2,30.0,"Ireland, England","1,78m",right,€1.800.000,"Jun 30, 2027",Centre-Forward,€2.158.466.00,€0
Tommy Conway,Middlesbrough,Championship,58.5,55.8,52.8,22.0,"Scotland, England","1,85m",right,€6.000.000,"Jun 30, 2028",Centre-Forward,€616.705.00,€0
Cameron Archer,Southampton,EPL,58.5,47.4,45.0,23.0,"England, Jamaica","1,75m",right,€14.000.000,"Jun 30, 2028",Centre-Forward,€2.466.819.00,€0
Fábio Silva,Las_Palmas,La_Liga,58.4,75.1,79.9,22.0,Portugal,"1,85m",right,€20.000.000,"Jun 30, 2025",Centre-Forward,,
Toni Martínez,Alaves,La_Liga,58.2,55.9,60.3,27.0,Spain,"1,87m",right,€2.800.000,"Jun 30, 2028",Centre-Forward,€1.780.000.00,€0
Dylan Nandín,Arouca,Primeira_Liga,58.1,44.6,41.3,23.0,Uruguay,"1,86m",right,€0,"Jun 30, 2025",Centre-Forward,€120.000.00,€0
Rhian Brewster,Sheffield_United,Championship,58.0,46.2,43.4,25.0,"England, Barbados","1,80m",right,€3.000.000,"Jun 30, 2025",Centre-Forward,€2.158.466.00,€0
Nahki Wells,Bristol_City,Championship,58.0,54.8,51.1,34.0,Bermuda,"1,70m",right,€0,"Jun 30, 2025",Centre-Forward,€1.665.103.00,€0
Joe Gelhardt,Hull_City,Championship,57.9,46.6,41.9,23.0,England,"1,79m",left,€3.500.000,"May 31, 2025",Centre-Forward,€925.057.00,€0
Nick Woltemade,Stuttgart,Bundesliga,57.8,64.1,61.3,23.0,Germany,"1,98m",right,€17.000.000,"Jun 30, 2028",Second Striker,€470.000.00,€0
Ange-Yoan Bonny,Parma,Serie_A,57.8,71.2,61.9,21.0,"France, Cote d'Ivoire","1,89m",right,€20.000.000,"Jun 30, 2027",Centre-Forward,€540.000.00,€0
Lorenzo Colombo,Empoli,Serie_A,57.8,66.7,57.5,23.0,Italy,"1,83m",left,€6.000.000,"Jun 30, 2025",Centre-Forward,€930.000.00,€0
Pablo,Gil_Vicente_FC,Primeira_Liga,57.7,49.1,47.2,21.0,"Brazil, Portugal","1,84m",right,€0,"Jun 30, 2025",Centre-Forward,€200.000.00,€0
Marvin Ducksch,Werder_Bremen,Bundesliga,57.6,74.2,64.8,31.0,Germany,"1,88m",right,€7.500.000,"Jun 30, 2026",Centre-Forward,€2.260.000.00,€7.000.000
Jerry Yates,Derby_County,Championship,57.5,53.8,54.2,28.0,England,"1,75m",right,€2.800.000,"May 31, 2025",Centre-Forward,€770.881.00,€0
Robert Lewandowski,Barcelona,La_Liga,57.5,92.0,99.0,36.0,Poland,"1,85m",right,€15.000.000,"Jun 30, 2026",Centre-Forward,€33.330.000.00,€500.000.000
Folarin Balogun,Monaco,Ligue_1,57.4,47.6,49.7,23.0,"United States, England","1,78m",right,€20.000.000,"Jun 30, 2028",Centre-Forward,€2.870.000.00,€0
Colby Bishop,Portsmouth,Championship,57.4,57.4,56.6,28.0,England,"1,80m",right,€1.000.000,"Jun 30, 2028",Centre-Forward,€616.705.00,€0
Philipp Hofmann,Bochum,Bundesliga,57.3,72.4,61.9,32.0,Germany,"1,95m",left,€1.500.000,"Jun 30, 2026",Centre-Forward,€780.000.00,€0
Cauê,Gil_Vicente_FC,Primeira_Liga,57.3,41.6,37.9,,,,,,,,,
Vangelis Pavlidis,Benfica,Primeira_Liga,57.3,71.3,76.3,26.0,Greece,"1,86m",both,€28.000.000,"Jun 30, 2029",Centre-Forward,€2.880.000.00,€0
Alexandre Lacazette,Lyon,Ligue_1,57.3,84.5,84.3,33.0,"France, Guadeloupe","1,75m",right,€8.000.000,"Jun 30, 2025",Centre-Forward,€6.000.000.00,€0
Roberto Piccoli,Cagliari,Serie_A,57.2,79.3,77.0,24.0,Italy,"1,90m",right,€8.000.000,"Jun 30, 2025",Centre-Forward,€560.000.00,€0
Santiago Castro,Bologna,Serie_A,57.1,71.9,65.1,20.0,"Argentina, Italy","1,79m",right,€35.000.000,"Jun 30, 2028",Centre-Forward,€930.000.00,€0
Josh Sargent,Norwich_City,Championship,57.0,55.7,58.1,25.0,United States,"1,85m",right,€15.000.000,"Jun 30, 2028",Centre-Forward,€1.541.762.00,€0
Emanuel Emegha,Strasbourg,Ligue_1,56.9,88.0,99.0,22.0,"Netherlands, Nigeria","1,96m",right,€20.000.000,"Jun 30, 2028",Centre-Forward,€750.000.00,€0
Nicolas Jackson,Chelsea,EPL,56.9,66.9,73.5,23.0,"Senegal, The Gambia","1,87m",right,€55.000.000,"Jun 30, 2033",Centre-Forward,€6.167.047.00,€0
Denis Drăguș,Trabzonspor,Süper_Lig,56.9,34.0,37.7,25.0,Romania,"1,85m",right,€3.800.000,"Jun 30, 2028",Centre-Forward,€840.000.00,€0
Oumar Diakité,Reims,Ligue_1,56.9,66.4,61.8,21.0,Cote d'Ivoire,"1,85m",right,€7.000.000,"Jun 30, 2028",Centre-Forward,€500.000.00,€0
Ayase Ueda,Feyenoord,Eredivisie,56.9,48.2,51.3,26.0,Japan,"1,82m",right,€8.000.000,"Jun 30, 2028",Centre-Forward,€780.000.00,€0
Moise Kean,Fiorentina,Serie_A,56.8,88.4,95.5,25.0,"Italy, Cote d'Ivoire","1,83m",right,€40.000.000,"Jun 30, 2029",Centre-Forward,€2.820.000.00,€52.000.000
Dejan Joveljić,LA_Galaxy,MLS,56.7,54.7,64.1,,,,,,,,,
Ante Crnac,Norwich_City,Championship,56.6,52.1,47.6,21.0,Croatia,"1,90m",left,€8.000.000,"Jun 30, 2028",Centre-Forward,€770.881.00,€0
Maximilian Beier,Dortmund,Bundesliga,56.1,76.7,68.5,22.0,Germany,"1,85m",right,€25.000.000,"Jun 30, 2029",Centre-Forward,€3.780.000.00,€0
Patson Daka,Leicester_City,EPL,56.1,41.1,37.6,26.0,Zambia,"1,83m",right,€12.000.000,"Jun 30, 2026",Centre-Forward,€4.625.285.00,€0
Zito Luvumbo,Cagliari,Serie_A,56.0,56.5,45.5,23.0,Angola,"1,71m",left,€5.500.000,"Jun 30, 2028",Centre-Forward,€1.110.000.00,€0
Jeff Ekhator,Genoa,Serie_A,55.9,45.7,39.1,18.0,"Italy, Nigeria","1,88m",right,€5.000.000,"Jun 30, 2029",Centre-Forward,€310.000.00,€0
Samuel Essende,Augsburg,Bundesliga,55.9,66.8,58.5,27.0,"DR Congo, France","1,93m",right,€4.500.000,"Jun 30, 2028",Centre-Forward,€750.000.00,€0
Oliver Burke,Werder_Bremen,Bundesliga,55.9,57.3,49.5,28.0,Scotland,"1,88m",right,€1.800.000,"Jun 30, 2025",Centre-Forward,€1.020.000.00,€0
Giacomo Vrioni,NE_Revolution,MLS,55.8,53.2,59.0,,,,,,,,,
Lucas Stassin,Saint_Etienne,Ligue_1,55.7,77.5,77.2,20.0,Belgium,"1,83m",right,€7.000.000,"Jun 30, 2028",Centre-Forward,€720.000.00,€0
Philippe Keny,Başakşehir,Süper_Lig,55.6,33.7,38.0,25.0,Senegal,"1,90m",right,€1.500.000,"Jun 30, 2025",Centre-Forward,,
Emilio Kehrer,Willem_II,Eredivisie,55.6,43.6,38.7,23.0,Germany,"1,77m",right,€0,"Jun 30, 2027",Centre-Forward,€240.000.00,€0
Lyle Foster,Burnley,Championship,55.5,47.1,42.6,24.0,South Africa,"1,85m",right,€7.000.000,"Jun 30, 2028",Centre-Forward,€2.004.290.00,€0
Makhtar Gueye,Blackburn_Rovers,Championship,55.4,54.2,50.0,27.0,Senegal,"1,95m",right,€3.000.000,"Jun 30, 2027",Centre-Forward,€616.705.00,€0
Ludovic Ajorque,Brest,Ligue_1,55.4,84.4,83.6,31.0,"France, Réunion","1,96m",left,€4.000.000,"Jun 30, 2025",Centre-Forward,€2.160.000.00,€0
Patrick Cutrone,Como,Serie_A,55.4,68.8,57.6,27.0,Italy,"1,83m",right,€7.000.000,"Jun 30, 2028",Centre-Forward,€640.000.00,€0
Deniz Undav,Stuttgart,Bundesliga,55.3,65.5,67.8,28.0,"Germany, Türkiye","1,79m",both,€22.000.000,"Jun 30, 2027",Centre-Forward,€4.520.000.00,€0
Álvaro Rodríguez,Getafe,La_Liga,55.3,52.6,54.0,20.0,"Uruguay, Spain","1,93m",left,€2.500.000,"Jun 30, 2025",Centre-Forward,€520.000.00,€0
Felipe Mora,Portland_Timbers,MLS,55.3,55.2,62.5,31.0,Chile,"1,75m",right,€2.500.000,"Dec 31, 2025",Centre-Forward,€1.125.411.00,€0
Gianluca Caprari,Monza,Serie_A,55.2,53.9,41.3,31.0,Italy,"1,71m",right,€1.500.000,"Jun 30, 2026",Second Striker,€1.670.000.00,€0
Josh Maja,West_Bromwich_Albion,Championship,55.2,53.1,56.4,26.0,"Nigeria, England","1,81m",right,€10.000.000,"Jun 30, 2026",Centre-Forward,€1.048.398.00,€0
Bertuğ Yıldırım,Getafe,La_Liga,55.0,52.0,50.0,22.0,Türkiye,"1,91m",right,€2.500.000,"Jun 30, 2025",Centre-Forward,€600.000.00,€0
Dominic Solanke,Tottenham_Hotspur,EPL,54.8,64.7,69.9,27.0,"England, Nigeria","1,86m",right,€45.000.000,"Jun 30, 2030",Centre-Forward,€5.550.342.00,€0
Rocco Vata,Watford,Championship,54.8,42.5,38.0,20.0,"Ireland, Albania","1,84m",right,€1.000.000,"Jun 30, 2028",Second Striker,€308.352.00,€0
Isaac Romero,Sevilla,La_Liga,54.5,63.1,64.4,24.0,Spain,"1,83m",left,€10.000.000,"Jun 30, 2028",Centre-Forward,€2.080.000.00,€30.000.000
Conor Chaplin,Ipswich_Town,EPL,54.4,39.0,36.1,28.0,England,"1,68m",left,€8.000.000,"Jun 30, 2026",Second Striker,,
Jean-Philippe Mateta,Crystal_Palace,EPL,54.3,68.8,70.7,27.0,"France, DR Congo","1,92m",right,€30.000.000,"Jun 30, 2026",Centre-Forward,,
Georges Mikautadze,Lyon,Ligue_1,54.3,68.9,65.7,24.0,"Georgia, France","1,76m",right,€20.000.000,"Jun 30, 2028",Centre-Forward,€3.270.000.00,€0
George Ilenikhena,Monaco,Ligue_1,54.1,56.2,54.9,18.0,"Nigeria, France","1,85m",left,€15.000.000,"Jun 30, 2029",Centre-Forward,€690.000.00,€0
Wilson Isidor,Sunderland,Championship,54.0,57.9,61.1,24.0,"France, Haiti","1,86m",right,€9.000.000,"Jun 30, 2028",Centre-Forward,€925.057.00,€0
Ermedin Demirović,Stuttgart,Bundesliga,54.0,75.1,79.2,,,,,,,,,
Borja Mayoral,Getafe,La_Liga,53.9,47.9,51.6,28.0,Spain,"1,82m",right,€9.000.000,"Jun 30, 2027",Centre-Forward,€4.790.000.00,€20.000.000
Christian Ramirez,Columbus_Crew,MLS,53.9,49.7,49.1,,,,,,,,,
Tomáš Čvančara,Monchengladbach,Bundesliga,53.8,49.5,45.3,,,,,,,,,
Kai Havertz,Arsenal,EPL,53.8,68.4,67.8,25.0,Germany,"1,93m",left,€70.000.000,"Jun 30, 2028",Centre-Forward,€17.267.730.00,€0
Theo Bair,Auxerre,Ligue_1,53.8,54.8,50.4,25.0,"Canada, Jamaica","1,91m",right,€1.800.000,"Jun 30, 2028",Centre-Forward,€330.000.00,€0
Ollie Watkins,Aston_Villa,EPL,53.6,74.2,77.6,29.0,England,"1,80m",right,€50.000.000,"Jun 30, 2028",Centre-Forward,,
Vedat Muriqi,Mallorca,La_Liga,53.6,76.1,77.3,31.0,"Kosovo, Albania","1,94m",left,€8.000.000,"Jun 30, 2027",Centre-Forward,€4.580.000.00,€0
Hugo Duro,Valencia,La_Liga,53.5,66.1,76.0,25.0,Spain,"1,77m",left,€10.000.000,"Jun 30, 2028",Centre-Forward,€4.170.000.00,€0
Wesley Saïd,Lens,Ligue_1,53.2,52.2,49.9,30.0,"France, Comoros","1,71m",right,€3.500.000,"Jun 30, 2026",Centre-Forward,€540.000.00,€0
Dimitris Rallis,Heerenveen,Eredivisie,53.0,41.4,40.0,20.0,"Greece, Netherlands","1,89m",right,€0,"Jun 30, 2025",Centre-Forward,€70.000.00,€0
Tobias Lauritsen,Sparta_R'dam,Eredivisie,52.9,64.8,66.5,27.0,Norway,"1,96m",right,€4.000.000,"Jun 30, 2026",Centre-Forward,€490.000.00,€0
Evanilson,Bournemouth,EPL,52.8,65.6,70.9,25.0,Brazil,"1,83m",both,€35.000.000,-,Centre-Forward,€5.241.990.00,€0
Johannes Eggestein,St_Pauli,Bundesliga,52.8,61.8,47.3,26.0,Germany,"1,83m",right,€3.000.000,"Jun 30, 2025",Centre-Forward,€840.000.00,€0
Jesús Ramírez,Vitoria_Guimaraes,Primeira_Liga,52.7,45.4,43.1,27.0,Venezuela,"1,87m",left,€1.000.000,"Jun 30, 2027",Centre-Forward,€280.000.00,€0
Boulaye Dia,Lazio,Serie_A,52.7,64.5,61.6,28.0,"Senegal, France","1,80m",right,€15.000.000,"Jun 30, 2026",Centre-Forward,€2.560.000.00,€50.000.000
Gaëtan Laborde,Nice,Ligue_1,52.7,83.8,69.9,31.0,France,"1,81m",left,€6.000.000,"Jun 30, 2026",Centre-Forward,€3.850.000.00,€0
Elijah Adebayo,Luton_Town,Championship,52.6,57.7,59.5,27.0,"England, Nigeria","1,93m",,€8.000.000,-,Centre-Forward,€770.881.00,€0
Thom van Bergen,Groningen,Eredivisie,52.6,61.6,59.7,21.0,Netherlands,"1,80m",right,€1.000.000,"Jun 30, 2026",Centre-Forward,€90.000.00,€0
Tyrese Campbell,Sheffield_United,Championship,52.6,51.9,52.6,25.0,"England, Jamaica","1,85m",left,€4.000.000,"Jun 30, 2027",Centre-Forward,€925.057.00,€0
Christian Kouamé,Fiorentina,Serie_A,52.6,51.4,39.8,,,,,,,,,
Paul Onuachu,Southampton,EPL,52.5,52.3,46.0,30.0,Nigeria,"2,01m",right,€8.000.000,"Jun 30, 2026",Centre-Forward,€1.850.114.00,€0
Rodrigo Pinho,Estrela,Primeira_Liga,52.5,55.6,53.5,33.0,"Brazil, Germany","1,85m",left,€0,"Jun 30, 2027",Centre-Forward,€350.000.00,€0
Che Adams,Torino,Serie_A,52.5,72.8,66.4,,,,,,,,,
Nélson Oliveira,Vitoria_Guimaraes,Primeira_Liga,52.4,53.2,48.6,33.0,Portugal,"1,86m",right,€0,"Jun 30, 2026",Centre-Forward,€380.000.00,€0
Güven Yalçın,Arouca,Primeira_Liga,52.4,48.6,42.3,26.0,"Türkiye, Germany","1,84m",right,€1.200.000,"Jun 30, 2025",Centre-Forward,€1.350.000.00,€0
Tomané,Farense,Primeira_Liga,52.4,56.0,47.8,32.0,Portugal,"1,86m",right,€0,"Jun 30, 2026",Centre-Forward,€150.000.00,€0
Andrea Pinamonti,Genoa,Serie_A,52.4,74.0,65.4,25.0,Italy,"1,85m",right,€16.000.000,"Jun 30, 2025",Centre-Forward,€4.440.000.00,€0
Troy Parrott,AZ_Alkmaar,Eredivisie,52.3,71.1,80.9,23.0,Ireland,"1,85m",right,€9.000.000,"Jun 30, 2029",Centre-Forward,€980.000.00,€0
Mateo Retegui,Atalanta,Serie_A,52.3,92.1,89.7,26.0,"Italy, Argentina","1,86m",right,€45.000.000,"Jun 30, 2028",Centre-Forward,€2.820.000.00,€0
Romelu Lukaku,Napoli,Serie_A,52.0,86.0,73.2,31.0,"Belgium, DR Congo","1,91m",left,€22.000.000,"Jun 30, 2027",Centre-Forward,€7.690.000.00,€0
Lorenzo Lucca,Udinese,Serie_A,51.9,71.7,67.6,24.0,Italy,"2,01m",right,€22.000.000,"Jun 30, 2028",Centre-Forward,€460.000.00,€0
Monsef Bakrar,New_York_City_FC,MLS,51.8,47.2,45.3,24.0,Algeria,"1,83m",,€0,"Dec 31, 2026",Centre-Forward,€317.763.00,€0
Khiry Shelton,Sporting_KC,MLS,51.7,47.6,36.5,31.0,United States,"1,91m",,€0,"Dec 31, 2025",Centre-Forward,€617.873.00,€0
Florian Ayé,Auxerre,Ligue_1,51.6,46.8,45.5,28.0,"France, Benin","1,84m",right,€1.500.000,"Jun 30, 2026",Centre-Forward,€780.000.00,€0
Mark Harris,Oxford_United,Championship,51.5,48.6,49.4,26.0,Wales,"1,82m",right,€0,"Jun 30, 2026",Centre-Forward,€431.693.00,€0
Santiago Giménez,Milan,Serie_A,51.5,48.6,45.0,,,,,,,,,
Borja Iglesias,Celta_Vigo,La_Liga,51.4,66.2,84.9,32.0,Spain,"1,87m",right,€3.000.000,"Jun 30, 2025",Centre-Forward,€1.600.000.00,€0
Jaime Mata,Las_Palmas,La_Liga,51.2,46.9,46.6,36.0,Spain,"1,86m",right,€0,"Jun 30, 2025",Centre-Forward,€1.560.000.00,€0
Thomas Müller,Bayern_Munich,Bundesliga,51.2,58.1,47.5,35.0,Germany,"1,85m",right,€6.000.000,"Jul 31, 2025",Second Striker,€15.000.000.00,€0
Darío Poveda,Farense,Primeira_Liga,51.2,48.3,40.3,28.0,Spain,"1,87m",right,€0,"Jun 30, 2026",Centre-Forward,€380.000.00,€0
Kornelius Hansen,Almere_City,Eredivisie,51.2,53.5,50.0,23.0,Norway,"1,75m",right,€0,"Jun 30, 2025",Centre-Forward,€70.000.00,€0
Václav Sejk,Famalicão,Primeira_Liga,51.0,45.0,42.2,,,,,,,,,
Leonardo Campana,Inter_Miami,MLS,51.0,46.2,47.6,,,,,,,,,
Niclas Füllkrug,West_Ham_United,EPL,50.9,45.7,42.1,32.0,Germany,"1,89m",right,€12.000.000,"Jun 30, 2028",Centre-Forward,€5.550.342.00,€0
Sinclair Armstrong,Bristol_City,Championship,50.9,47.9,44.9,21.0,"Ireland, Nigeria","1,82m",right,€2.200.000,"Jun 30, 2028",Centre-Forward,€616.705.00,€0
Michael Smith,Sheffield_Wednesday,Championship,50.8,56.5,51.2,33.0,England,"1,91m",right,€0,"Jun 30, 2025",Centre-Forward,€1.079.233.00,€0
Noah Ohio,Utrecht,Eredivisie,50.8,46.0,48.1,22.0,"Netherlands, England","1,83m",left,€3.000.000,"Jun 30, 2027",Centre-Forward,€780.000.00,€0
Duván Zapata,Torino,Serie_A,50.8,49.7,46.3,34.0,Colombia,"1,88m",right,€4.000.000,"Jun 30, 2027",Centre-Forward,€5.000.000.00,€0
Mikel Oyarzabal,Real_Sociedad,La_Liga,50.7,63.7,63.1,28.0,Spain,"1,81m",left,€30.000.000,"Jun 30, 2028",Centre-Forward,€3.600.000.00,€75.000.000
Cyle Larin,Mallorca,La_Liga,50.6,65.8,69.8,30.0,"Canada, Jamaica","1,88m",right,€3.500.000,"Jun 30, 2028",Centre-Forward,€840.000.00,€0
Yanis Begraoui,Estoril,Primeira_Liga,50.5,55.7,51.5,23.0,"Morocco, France","1,79m",both,€1.500.000,"Jun 30, 2028",Centre-Forward,€480.000.00,€0
Victor Edvardsen,Go_Ahead_Eag,Eredivisie,50.4,62.8,63.7,29.0,Sweden,"1,85m",right,€0,"Jun 30, 2026",Centre-Forward,€290.000.00,€0
Kacper Kostorz,NAC_Breda,Eredivisie,50.2,44.6,44.6,25.0,Poland,"1,91m",both,€0,"Jun 30, 2025",Centre-Forward,€200.000.00,€0
Amin Sarr,Hellas_Verona,Serie_A,50.1,63.6,50.9,24.0,"Sweden, Senegal","1,88m",right,€4.000.000,"Jun 30, 2025",Centre-Forward,€1.500.000.00,€0
Bamba Dieng,Angers,Ligue_1,49.9,47.4,48.3,25.0,Senegal,"1,78m",right,€3.500.000,"Jun 30, 2025",Centre-Forward,€900.000.00,€0
Mathys Tel,Tottenham_Hotspur,EPL,49.7,44.4,37.8,20.0,"France, Guadeloupe","1,83m",right,€40.000.000,"Jun 30, 2025",Centre-Forward,€4.933.637.00,€0
Gift Orban,Hoffenheim,Bundesliga,49.6,48.8,48.5,22.0,"Nigeria, Togo","1,78m",right,€10.000.000,"Jun 30, 2029",Centre-Forward,,
Dylan Vente,Zwolle,Eredivisie,49.3,64.7,63.4,25.0,"Suriname, Netherlands","1,85m",right,€1.000.000,"Jun 30, 2025",Centre-Forward,€460.000.00,€0
Brandon Thomas-Asante,Coventry_City,Championship,49.0,43.3,41.4,26.0,"Ghana, England","1,82m",right,€3.000.000,"Jun 30, 2028",Centre-Forward,€925.057.00,€0
Haris Tabakovic,Hoffenheim,Bundesliga,49.0,51.5,46.6,30.0,"Bosnia-Herzegovina, Switzerland","1,94m",right,€3.000.000,"Jun 30, 2027",Centre-Forward,€1.140.000.00,€0
Kieffer Moore,Sheffield_United,Championship,48.8,56.3,50.2,32.0,"Wales, England","1,96m",right,€1.200.000,"Jun 30, 2027",Centre-Forward,€1.541.762.00,€0
Duncan McGuire,Orlando_City,MLS,48.7,49.2,51.0,24.0,United States,"1,85m",right,€4.000.000,"Dec 31, 2027",Centre-Forward,€728.207.00,€0
Michael Frey,Queens_Park_Rangers,Championship,48.6,49.4,46.1,30.0,Switzerland,"1,88m",right,€0,"Jun 30, 2025",Centre-Forward,€925.057.00,€0
Andrej Ilic,Union_Berlin,Bundesliga,48.5,51.5,46.6,25.0,Serbia,"1,89m",right,€2.500.000,"Jun 30, 2025",Centre-Forward,€440.000.00,€0
Tani Oluwaseyi,Minnesota_Utd,MLS,48.4,46.8,50.3,24.0,"Canada, Nigeria","1,88m",,€4.500.000,"Dec 31, 2027",Centre-Forward,,
Mihailo Ivanović,Millwall,Championship,48.2,52.8,51.1,,,,,,,,,
Cedric Teuchert,St_Louis,MLS,48.1,38.4,37.6,28.0,Germany,"1,82m",right,€3.500.000,"Jun 30, 2026",Centre-Forward,€838.541.00,€0
Danny Welbeck,Brighton_and_Hove_Albion,EPL,48.1,62.1,63.3,34.0,"England, Ghana","1,85m",right,€5.000.000,"Jun 30, 2026",Centre-Forward,€3.700.228.00,€0
Christian Kouamé,Empoli,Serie_A,48.0,54.7,46.0,27.0,"Cote d'Ivoire, Italy","1,85m",right,€6.000.000,"Jun 30, 2025",Centre-Forward,€3.150.000.00,€0
Cristhian Stuani,Girona,La_Liga,47.9,54.9,64.3,38.0,"Uruguay, Italy","1,84m",right,€1.200.000,"Jun 30, 2026",Centre-Forward,€1.200.000.00,€0
Diogo Jota,Liverpool,EPL,47.8,58.1,55.3,28.0,Portugal,"1,78m",right,€45.000.000,"Jun 30, 2027",Centre-Forward,€8.633.865.00,€0
Brian Brobbey,Ajax,Eredivisie,47.5,60.0,63.9,23.0,"Netherlands, Ghana","1,82m",right,€27.000.000,"Jun 30, 2027",Centre-Forward,€3.000.000.00,€0
Bekír Turaç Böke,Sivasspor,Süper_Lig,47.5,36.1,39.1,,,,,,,,,
Iker Bravo,Udinese,Serie_A,47.4,44.6,39.1,20.0,Spain,"1,82m",right,€2.500.000,"Jun 30, 2028",Centre-Forward,€280.000.00,€0
Ryan Hardie,Plymouth_Argyle,Championship,47.3,50.9,52.1,28.0,Scotland,"1,88m",right,€1.800.000,"Jun 30, 2026",Centre-Forward,€308.352.00,€0
Milutin Osmajić,Preston_North_End,Championship,47.3,49.0,51.1,,,,,,,,,
Ramiro Enrique,Orlando_City,MLS,47.3,47.7,49.0,24.0,Argentina,"1,71m",right,€2.500.000,"Dec 31, 2025",Centre-Forward,€300.912.00,€0
Thomas Robinet,Almere_City,Eredivisie,47.1,56.2,49.1,28.0,France,"1,80m",right,€0,"Jun 30, 2027",Centre-Forward,€300.000.00,€0
Andy Delort,Montpellier,Ligue_1,47.1,47.7,42.9,33.0,"Algeria, France","1,81m",right,€2.000.000,"Jun 30, 2025",Centre-Forward,€2.540.000.00,€0
Mateo Joseph,Leeds_United,Championship,46.9,41.9,41.7,21.0,"Spain, England","1,85m",,€3.500.000,"Jun 30, 2028",Centre-Forward,€925.057.00,€0
Jacob Brown,Luton_Town,Championship,46.7,43.0,41.5,27.0,"Scotland, England","1,78m",right,€3.500.000,"Jun 30, 2027",Centre-Forward,€1.850.114.00,€0
Jules-Anthony Vilsaint,CF_Montréal,MLS,46.7,39.4,38.6,22.0,"Canada, Haiti","1,88m",,€0,"Dec 31, 2025",Centre-Forward,€79.190.00,€0
Luuk de Jong,PSV_Eindhoven,Eredivisie,46.7,75.8,75.1,34.0,Netherlands,"1,88m",right,€3.000.000,"Jun 30, 2025",Centre-Forward,€1.980.000.00,€0
Yusupha Njie,Farense,Primeira_Liga,46.6,41.9,37.9,31.0,The Gambia,"1,88m",right,€1.000.000,"Jun 30, 2025",Centre-Forward,€770.000.00,€0
Myron Boadu,Bochum,Bundesliga,46.6,55.4,53.3,24.0,"Netherlands, Ghana","1,81m",right,€7.000.000,"Jun 30, 2025",Centre-Forward,€1.410.000.00,€0
Nenê,AVS_Futebol,Primeira_Liga,46.5,47.1,42.0,41.0,Brazil,"1,83m",right,€0,"Jun 30, 2025",Centre-Forward,€90.000.00,€0
Bryan Linssen,NEC_Nijmegen,Eredivisie,46.4,41.1,41.5,34.0,Netherlands,"1,70m",right,€0,"Jun 30, 2026",Centre-Forward,€240.000.00,€0
Christian Saydee,Portsmouth,Championship,46.3,40.5,37.2,22.0,"England, Liberia","1,84m",right,€0,"Jun 30, 2026",Centre-Forward,€123.341.00,€0
Tai Baribo,Philadelphia_Union,MLS,46.2,48.4,52.8,27.0,"Israel, Portugal","1,81m",right,€3.000.000,"Dec 31, 2025",Centre-Forward,€573.739.00,€0
Nelson Weiper,Mainz_05,Bundesliga,45.8,51.1,49.0,20.0,"Germany, Albania","1,92m",right,€6.000.000,"Jun 30, 2025",Centre-Forward,€360.000.00,€0
João Pedro,Hull_City,Championship,45.5,46.4,46.0,33.0,"Italy, Brazil","1,84m",right,€2.500.000,"Jun 30, 2025",Centre-Forward,€1.541.762.00,€0
Teal Bunbury,Nashville_SC,MLS,45.3,44.5,38.5,35.0,"United States, Canada","1,88m",both,€0,"Dec 31, 2025",Centre-Forward,€220.669.00,€0
Ellis Simms,Coventry_City,Championship,45.0,53.9,52.1,24.0,England,"1,91m",right,€6.500.000,"Jun 30, 2027",Centre-Forward,€1.541.762.00,€0
Goduine Koyalipou,Lens,Ligue_1,44.6,53.5,52.2,25.0,"Central African Republic, France","1,84m",right,€1.800.000,"Jun 30, 2028",Centre-Forward,€540.000.00,€0
Jamal Thiaré,Atlanta_Utd,MLS,44.5,46.0,47.5,32.0,Senegal,"1,83m",right,€0,"Dec 31, 2025",Centre-Forward,€441.338.00,€0
Kevin Kelsy,FC_Cincinnati,MLS,44.1,45.5,42.4,,,,,,,,,
Sydney van Hooijdonk,NAC_Breda,Eredivisie,44.1,43.4,41.4,25.0,Netherlands,"1,90m",right,€1.300.000,"Jun 30, 2026",Centre-Forward,€590.000.00,€0
Jacen Russell-Rowe,Columbus_Crew,MLS,44.1,40.4,40.8,22.0,"Canada, Jamaica","1,83m",right,€3.500.000,"Dec 31, 2025",Centre-Forward,€79.190.00,€0
Darren Yapi,Colorado_Rapids,MLS,43.8,39.9,37.4,20.0,"United States, Cote d'Ivoire","1,85m",,€1.500.000,"Dec 31, 2025",Centre-Forward,€79.190.00,€0
Alonso Martínez,New_York_City_FC,MLS,43.7,46.5,51.9,26.0,Costa Rica,"1,77m",right,€5.000.000,"Dec 31, 2027",Centre-Forward,€264.803.00,€0
Josef Martínez,CF_Montréal,MLS,43.6,46.7,49.9,,,,,,,,,
Michiel Kramer,RKC_Waalwijk,Eredivisie,43.5,43.3,42.6,36.0,Netherlands,"1,96m",right,€0,"Jun 30, 2025",Centre-Forward,€240.000.00,€0
Milos Lukovic,Heerenveen,Eredivisie,43.3,41.1,41.3,19.0,Serbia,"1,84m",right,€5.000.000,"Jun 30, 2025",Centre-Forward,€360.000.00,€0
Sunusi Ibrahim,CF_Montréal,MLS,43.0,43.0,42.9,22.0,Nigeria,"1,68m",,€1.200.000,"Dec 31, 2026",Centre-Forward,€308.936.00,€0
Yousef Salech,Cardiff_City,Championship,43.0,47.8,45.9,23.0,"Denmark, Palestine","1,95m",right,€3.000.000,"Jun 30, 2029",Centre-Forward,€462.528.00,€0
Callum Paterson,Sheffield_Wednesday,Championship,42.7,47.5,44.8,30.0,"Scotland, England","1,83m",right,€0,"Jun 30, 2025",Centre-Forward,€1.110.068.00,€0
Macaulay Langstaff,Millwall,Championship,42.4,39.5,38.6,28.0,England,"1,78m",right,€0,-,Centre-Forward,€462.528.00,€0
Jamal Lowe,Sheffield_Wednesday,Championship,42.4,40.4,37.9,30.0,"Jamaica, England","1,83m",right,€1.200.000,"Jun 30, 2026",Centre-Forward,€1.110.068.00,€0
Kelechi Iheanacho,Middlesbrough,Championship,42.1,38.0,34.9,28.0,Nigeria,"1,85m",left,€5.000.000,"May 31, 2025",Centre-Forward,€4.625.285.00,€0
Millenic Alli,Luton_Town,Championship,42.0,43.6,36.9,25.0,"Ireland, England","1,76m",right,€1.000.000,-,Centre-Forward,€462.528.00,€0
Josh Coburn,Millwall,Championship,41.6,46.2,43.9,22.0,England,"1,93m",right,€1.500.000,"May 31, 2025",Centre-Forward,€462.528.00,€0
Žan Vipotnik,Swansea_City,Championship,41.6,50.7,52.2,,,,,,,,,
Miguel Berry,LA_Galaxy,MLS,41.1,39.4,37.8,27.0,"Spain, United States","1,90m",right,€0,"Dec 31, 2025",Centre-Forward,€154.475.00,€0
Corey Baird,FC_Cincinnati,MLS,40.7,39.3,38.4,29.0,United States,"1,78m",,€1.500.000,"Dec 31, 2025",Centre-Forward,€568.724.00,€0
Jacob Murrell,D.C_United,MLS,40.6,39.2,38.0,21.0,United States,"1,88m",,€0,"Dec 31, 2026",Centre-Forward,€63.024.00,€0
Sam Gallagher,Stoke_City,Championship,40.5,42.8,39.6,29.0,"England, Scotland","1,93m",right,€1.600.000,"Jun 30, 2027",Centre-Forward,€1.541.762.00,€0
Fran Navarro,Braga,Primeira_Liga,40.4,43.6,43.7,27.0,Spain,"1,79m",right,€6.000.000,"Jun 30, 2025",Centre-Forward,€960.000.00,€0
Mamadou Doumbia,Watford,Championship,40.0,39.1,36.6,19.0,Mali,"1,92m",left,€0,"Jun 30, 2029",Centre-Forward,€92.506.00,€0
Rayan Kolli,Queens_Park_Rangers,Championship,39.8,39.0,36.6,20.0,"Algeria, England","1,80m",right,€1.500.000,-,Centre-Forward,€30.835.00,€0
Kelvin Yeboah,Minnesota_Utd,MLS,39.6,38.7,37.9,24.0,"Italy, Ghana","1,85m",right,€6.000.000,"Dec 31, 2027",Centre-Forward,,
Michael Obafemi,Plymouth_Argyle,Championship,39.6,37.6,36.1,24.0,"Ireland, Nigeria","1,70m",right,€2.000.000,"May 31, 2025",Centre-Forward,€925.057.00,€0
Kenan Kodro,Gaziantep_FK,Süper_Lig,39.4,33.7,37.5,31.0,"Bosnia-Herzegovina, Spain","1,88m",right,€1.000.000,"Jun 30, 2025",Centre-Forward,€500.000.00,€0
Mauro Icardi,Galatasaray,Süper_Lig,39.4,35.1,38.5,32.0,"Argentina, Italy","1,81m",right,€11.000.000,"Jun 30, 2026",Centre-Forward,€10.000.000.00,€0
Václav Jurečka,Rizespor,Süper_Lig,39.4,32.4,35.3,,,,,,,,,
Aaron Connolly,Millwall,Championship,39.3,38.4,35.2,25.0,Ireland,"1,74m",right,€2.500.000,-,Centre-Forward,€1.695.938.00,€0
Alfie Lloyd,Queens_Park_Rangers,Championship,39.3,39.0,35.7,22.0,England,"1,80m",right,€0,-,Centre-Forward,€215.847.00,€0
Simon Becher,St_Louis,MLS,38.8,41.6,40.5,25.0,United States,"1,88m",,€1.200.000,"Jun 30, 2025",Centre-Forward,€121.809.00,€0
Mason Burstow,Hull_City,Championship,38.8,43.2,37.6,21.0,"England, Jamaica","1,87m",right,€2.000.000,"Jun 30, 2028",Centre-Forward,€740.046.00,€0
Deandre Kerr,Toronto_FC,MLS,38.6,39.6,39.3,22.0,"Canada, Jamaica","1,80m",right,€1.500.000,"Dec 31, 2025",Centre-Forward,€88.268.00,€0
Will Keane,Preston_North_End,Championship,38.4,40.8,39.2,32.0,"Ireland, England","1,88m",right,€0,"Jun 30, 2026",Centre-Forward,€370.023.00,€0
Carlos Strandberg,Hatayspor,Süper_Lig,38.2,34.0,37.2,29.0,"Sweden, Mozambique","1,87m",left,€1.400.000,"Jun 30, 2027",Centre-Forward,€1.020.000.00,€0
Ozan Demirbag,Adana_Demirspor,Süper_Lig,38.1,32.5,34.8,,,,,,,,,
Preston Judd,SJ_Earthquakes,MLS,38.0,38.4,36.7,25.0,United States,"1,91m",,€0,"Dec 31, 2026",Centre-Forward,€79.190.00,€0
Olivier Giroud,Los_Angeles_FC,MLS,37.9,38.3,34.6,38.0,France,"1,92m",left,€1.800.000,"Dec 31, 2025",Centre-Forward,€2.471.490.00,€0
Kyle Joseph,Hull_City,Championship,36.8,39.3,35.3,23.0,"Scotland, England","1,86m",right,€0,"Jun 30, 2028",Centre-Forward,€616.705.00,€0
Adam Armstrong,West_Bromwich_Albion,Championship,36.7,38.2,36.7,28.0,England,"1,73m",right,€14.000.000,"May 31, 2025",Centre-Forward,€1.850.114.00,€0
Danylo Sikan,Trabzonspor,Süper_Lig,36.7,35.8,37.4,24.0,Ukraine,"1,85m",right,€6.000.000,"Jun 30, 2029",Centre-Forward,€840.000.00,€0
Ike Ugbo,Sheffield_Wednesday,Championship,36.5,39.4,37.1,,,,,,,,,
Norman Bassette,Coventry_City,Championship,36.2,38.6,39.3,20.0,Belgium,"1,86m",left,€2.000.000,"Jun 30, 2028",Centre-Forward,€308.352.00,€0
Tom Barlow,Chicago_Fire,MLS,36.1,42.9,40.7,29.0,United States,"1,88m",,€0,"Dec 31, 2025",Centre-Forward,€220.669.00,€0
Marcus Forss,Middlesbrough,Championship,35.3,38.3,35.5,25.0,Finland,"1,82m",right,€2.800.000,"Jun 30, 2026",Centre-Forward,€865.758.00,€0
Ole Romeny,Oxford_United,Championship,35.0,36.2,35.6,24.0,"Indonesia, Netherlands","1,85m",right,€1.300.000,"Jun 30, 2028",Centre-Forward,€616.705.00,€0
Ezequiel Ponce,Houston_Dynamo,MLS,34.8,42.7,40.0,28.0,"Argentina, Spain","1,81m",right,€6.000.000,"Jun 30, 2027",Centre-Forward,€2.259.648.00,€0
Žan Celar,Queens_Park_Rangers,Championship,33.3,40.6,38.0,,,,,,,,,
Mark O'Mahony,Portsmouth,Championship,32.9,37.0,37.0,20.0,Ireland,"1,82m",right,€0,"May 31, 2025",Centre-Forward,€92.506.00,€0
Kusini Yengi,Portsmouth,Championship,32.7,37.0,33.0,26.0,"Australia, England","1,90m",right,€0,"Jun 30, 2025",Centre-Forward,€185.011.00,€0
Odsonne Édouard,Leicester_City,EPL,30.0,30.0,30.0,,,,,,,,,
Devante Cole,West_Bromwich_Albion,Championship,30.0,30.0,30.0,29.0,"Jamaica, England","1,84m",right,€0,"Jun 30, 2026",Centre-Forward,€462.528.00,€0
Will Lankshear,West_Bromwich_Albion,Championship,30.0,30.0,30.0,20.0,England,"1,89m",right,€3.000.000,"May 31, 2025",Centre-Forward,€308.352.00,€0
Marc Guiu,Chelsea,EPL,30.0,30.0,30.0,19.0,Spain,"1,87m",right,€8.000.000,"Jun 30, 2029",Centre-Forward,€3.083.523.00,€0
Daryl Dike,West_Bromwich_Albion,Championship,30.0,30.0,30.0,24.0,"United States, Nigeria","1,87m",right,€3.200.000,"Jun 30, 2026",Centre-Forward,€1.992.430.00,€0
Tammer Bany,West_Bromwich_Albion,Championship,30.0,30.0,30.0,21.0,"Denmark, Palestine","1,81m",right,€0,"Jun 30, 2028",Centre-Forward,€400.858.00,€0
Anthony Descotte,Utrecht,Eredivisie,30.0,30.0,30.0,21.0,Belgium,"1,80m",right,€0,"Jun 30, 2025",Centre-Forward,€180.000.00,€0
Danny Ings,West_Ham_United,EPL,30.0,30.0,30.0,32.0,England,"1,77m",right,€7.000.000,"Jun 30, 2025",Centre-Forward,€7.708.808.00,€0
Ashley Barnes,Burnley,Championship,30.0,30.0,30.0,35.0,England,"1,85m",right,€0,"Jun 30, 2025",Centre-Forward,€1.233.409.00,€0
Armando Broja,Everton,EPL,30.0,30.0,30.0,23.0,"Albania, England","1,91m",right,€13.000.000,"May 31, 2025",Centre-Forward,€2.466.819.00,€0
Eddie Nketiah,Arsenal,EPL,30.0,30.0,30.0,,,,,,,,,
Nathan Ordaz,Los_Angeles_FC,MLS,30.0,30.0,30.0,21.0,"El Salvador, Mexico","1,80m",left,€0,"Dec 31, 2025",Centre-Forward,€113.424.00,€0
Evan Ferguson,Brighton_and_Hove_Albion,EPL,30.0,30.0,30.0,,,,,,,,,
Julian Hall,NY_Red_Bulls,MLS,30.0,30.0,30.0,17.0,"United States, Poland","1,77m",right,€1.000.000,"Dec 31, 2026",Centre-Forward,€88.268.00,€0
Mohammed Sofo,NY_Red_Bulls,MLS,30.0,30.0,30.0,20.0,Ghana,"1,75m",right,€0,"Dec 31, 2026",Centre-Forward,€105.921.00,€0
Roald Mitchell,NY_Red_Bulls,MLS,30.0,30.0,30.0,22.0,"United States, Trinidad and Tobago","1,85m",right,€0,"Dec 31, 2026",Centre-Forward,€63.024.00,€0
Tanner Rosborough,NY_Red_Bulls,MLS,30.0,30.0,30.0,17.0,United States,"1,83m",,€0,"Dec 31, 2028",Centre-Forward,€0.00,€0
Taiwo Awoniyi,Nottingham_Forest,EPL,30.0,30.0,30.0,27.0,Nigeria,"1,83m",right,€18.000.000,"Jun 30, 2027",Centre-Forward,,
Dane Scarlett,Tottenham_Hotspur,EPL,30.0,30.0,30.0,21.0,"England, Jamaica","1,80m",right,€1.800.000,"Jun 30, 2027",Centre-Forward,€462.528.00,€0
Mason Toye,Portland_Timbers,MLS,30.0,30.0,30.0,,,,,,,,,
Nathan Lowe,Stoke_City,Championship,30.0,30.0,30.0,19.0,England,"1,93m",both,€0,"Jun 30, 2028",Centre-Forward,,
Emre Tezgel,Stoke_City,Championship,30.0,30.0,30.0,19.0,"England, Türkiye","1,82m",right,€0,"Jun 30, 2025",Centre-Forward,€92.506.00,€0
Richarlison,Tottenham_Hotspur,EPL,30.0,30.0,30.0,27.0,Brazil,"1,84m",right,€25.000.000,"Jun 30, 2027",Centre-Forward,€5.550.342.00,€0
Josh Coburn,Middlesbrough,Championship,30.0,30.0,30.0,,,,,,,,,
Sonny Finch,Middlesbrough,Championship,30.0,30.0,30.0,19.0,England,"1,80m",right,€0,"Jun 30, 2026",Centre-Forward,€154.176.00,€0
Evan Ferguson,West_Ham_United,EPL,30.0,30.0,30.0,20.0,"Ireland, England","1,88m",right,€32.000.000,"Jun 30, 2025",Centre-Forward,€1.850.114.00,€0
Ryan Mmaee,Stoke_City,Championship,30.0,30.0,30.0,27.0,"Morocco, Belgium","1,85m",right,€2.000.000,"Jun 30, 2026",Centre-Forward,€431.693.00,€0
Andrea Petagna,Monza,Serie_A,30.0,30.0,30.0,29.0,Italy,"1,90m",left,€1.400.000,"Jun 30, 2027",Centre-Forward,€2.780.000.00,€0
Ross Stewart,Southampton,EPL,30.0,30.0,30.0,28.0,Scotland,"1,88m",right,€4.500.000,"Jun 30, 2026",Centre-Forward,€1.233.409.00,€0
Gabriel Charpentier,Parma,Serie_A,30.0,30.0,30.0,25.0,"Congo, France","1,88m",right,€1.600.000,"Jun 30, 2026",Centre-Forward,€590.000.00,€0
Mateusz Kowalski,Parma,Serie_A,30.0,30.0,30.0,19.0,Poland,"1,97m",right,€0,"Jun 30, 2028",Second Striker,€110.000.00,€0
Charlie McNeill,Sheffield_Wednesday,Championship,30.0,30.0,30.0,21.0,"England, Ireland","1,81m",right,€0,-,Centre-Forward,€154.176.00,€0
Mateo Pellegrino,Parma,Serie_A,30.0,30.0,30.0,23.0,"Argentina, Spain","1,92m",left,€3.500.000,"Jun 30, 2029",Centre-Forward,€560.000.00,€0
Kingstone Mutandwa,Cagliari,Serie_A,30.0,30.0,30.0,22.0,Zambia,"1,80m",right,€1.000.000,"Jun 30, 2028",Centre-Forward,€240.000.00,€0
Harry Cornick,Bristol_City,Championship,30.0,30.0,30.0,30.0,England,"1,80m",right,€1.000.000,"Jun 30, 2026",Centre-Forward,€925.057.00,€0
Leonardo Pavoletti,Cagliari,Serie_A,30.0,30.0,30.0,36.0,Italy,"1,88m",right,€0,"Jun 30, 2026",Centre-Forward,€1.300.000.00,€0
Damián Pizarro,Udinese,Serie_A,30.0,30.0,30.0,20.0,Chile,"1,87m",right,€4.000.000,"Jun 30, 2029",Centre-Forward,€740.000.00,€0
Patrick Bamford,Leeds_United,Championship,30.0,30.0,30.0,31.0,"England, Ireland","1,85m",left,€3.500.000,"Jun 30, 2026",Centre-Forward,€4.316.933.00,€0
Joe Gelhardt,Leeds_United,Championship,30.0,30.0,30.0,,,,,,,,,
Harry Gray,Leeds_United,Championship,30.0,30.0,30.0,16.0,England,"1,81m",,€0,-,Centre-Forward,,
Alexis Sánchez,Udinese,Serie_A,30.0,30.0,30.0,36.0,Chile,"1,69m",right,€2.000.000,"Jun 30, 2026",Centre-Forward,€2.780.000.00,€0
Brenner,Udinese,Serie_A,30.0,30.0,30.0,25.0,Brazil,"1,75m",right,€4.500.000,"Jun 30, 2028",Centre-Forward,€960.000.00,€0
Amine Salama,Torino,Serie_A,30.0,30.0,30.0,24.0,"France, Morocco","1,92m",right,€1.800.000,"Jun 30, 2025",Centre-Forward,€410.000.00,€0
Lars-Jørgen Salvesen,Derby_County,Championship,30.0,30.0,30.0,29.0,Norway,"1,86m",left,€1.000.000,"Jun 30, 2027",Centre-Forward,€462.528.00,€0
Kemar Roofe,Derby_County,Championship,30.0,30.0,30.0,32.0,"Jamaica, England","1,78m",right,€0,"Jun 30, 2025",Centre-Forward,,
Conor Washington,Derby_County,Championship,30.0,30.0,30.0,32.0,"Northern Ireland, England","1,78m",right,€0,"Jun 30, 2025",Centre-Forward,€400.858.00,€0
Pietro Pellegri,Torino,Serie_A,30.0,30.0,30.0,,,,,,,,,
Junior Ajayi,Hellas_Verona,Serie_A,30.0,30.0,30.0,20.0,Cote d'Ivoire,"1,85m",right,€0,-,Centre-Forward,€190.000.00,€0
Mathis Lambourde,Hellas_Verona,Serie_A,30.0,30.0,30.0,19.0,"France, Guadeloupe","1,79m",left,€0,"Jun 30, 2029",Centre-Forward,€330.000.00,€0
Ryan One,Sheffield_United,Championship,30.0,30.0,30.0,,,,,,,,,
Pietro Pellegri,Empoli,Serie_A,30.0,30.0,30.0,24.0,Italy,"1,89m",right,€2.500.000,"Jun 30, 2025",Centre-Forward,€1.280.000.00,€0
Joaquín Correa,Internazionale,Serie_A,30.0,30.0,30.0,30.0,"Argentina, Italy","1,88m",right,€3.000.000,"Jun 30, 2025",Second Striker,€6.480.000.00,€0
Tom Bradshaw,Oxford_United,Championship,30.0,30.0,30.0,32.0,"Wales, England","1,78m",right,€0,-,Centre-Forward,€616.705.00,€0
Marko Arnautović,Internazionale,Serie_A,30.0,30.0,30.0,,,,,,,,,
Gianluca Scamacca,Atalanta,Serie_A,30.0,30.0,30.0,26.0,Italy,"1,95m",right,€24.000.000,"Jun 30, 2027",Centre-Forward,€5.930.000.00,€0
Muhamed Tijani,Plymouth_Argyle,Championship,30.0,30.0,30.0,24.0,Nigeria,"1,91m",right,€0,"Jun 30, 2025",Centre-Forward,€308.352.00,€0
Luka Jović,Milan,Serie_A,30.0,30.0,30.0,27.0,"Serbia, Bosnia-Herzegovina","1,82m",right,€2.500.000,"Jun 30, 2025",Centre-Forward,€3.210.000.00,€0
William Osula,Newcastle_United,EPL,30.0,30.0,30.0,21.0,"Denmark, England","1,91m",right,€7.000.000,"Jun 30, 2029",Centre-Forward,€1.233.409.00,€0
Ajay Matthews,Millwall,Championship,30.0,30.0,30.0,18.0,England,-,,€0,-,Centre-Forward,€92.506.00,€0
Callum Wilson,Newcastle_United,EPL,30.0,30.0,30.0,33.0,England,"1,80m",right,€11.000.000,"Jun 30, 2025",Centre-Forward,€2.836.841.00,€0
Carlos Vinícius,Fulham,EPL,30.0,30.0,30.0,30.0,Brazil,"1,90m",left,€4.000.000,"Jun 30, 2025",Centre-Forward,€2.466.819.00,€0
George Hirst,Ipswich_Town,EPL,30.0,30.0,30.0,26.0,"Scotland, England","1,91m",right,€5.000.000,"Jun 30, 2027",Centre-Forward,,
Lasse Nordås,Luton_Town,Championship,30.0,30.0,30.0,23.0,Norway,"1,94m",left,€2.500.000,-,Centre-Forward,€462.528.00,€0
Cauley Woodrow,Luton_Town,Championship,30.0,30.0,30.0,,,,,,,,,
Odsonne Édouard,Crystal_Palace,EPL,30.0,30.0,30.0,,,,,,,,,
Daniel Jebbison,Bournemouth,EPL,30.0,30.0,30.0,21.0,"Canada, England","1,90m",right,€4.000.000,"Jun 30, 2028",Centre-Forward,€308.352.00,€0
Ashley Barnes,Norwich_City,Championship,30.0,30.0,30.0,,,,,,,,,
Enes Ünal,Bournemouth,EPL,30.0,30.0,30.0,27.0,Türkiye,"1,87m",right,€13.000.000,"Jun 30, 2028",Centre-Forward,€925.057.00,€0
Favian Loyola,Orlando_City,MLS,30.0,30.0,30.0,19.0,"Chile, United States","1,78m",left,€0,"Dec 31, 2025",Centre-Forward,€63.024.00,€0
Cauley Woodrow,Blackburn_Rovers,Championship,30.0,30.0,30.0,30.0,England,"1,84m",right,€0,"May 31, 2025",Centre-Forward,€1.233.409.00,€0
Augustus Kargbo,Blackburn_Rovers,Championship,30.0,30.0,30.0,25.0,Sierra Leone,"1,72m",right,€1.200.000,"Jun 30, 2027",Centre-Forward,€925.057.00,€0
Emmanuel Dennis,Blackburn_Rovers,Championship,30.0,30.0,30.0,27.0,Nigeria,"1,75m",right,€3.000.000,"May 31, 2025",Centre-Forward,€1.726.773.00,€0
Harry Leonard,Blackburn_Rovers,Championship,30.0,30.0,30.0,21.0,England,"1,84m",,€1.000.000,"Jun 30, 2027",Centre-Forward,€246.682.00,€0
Giovanni Simeone,Napoli,Serie_A,30.0,30.0,30.0,29.0,"Argentina, Spain","1,80m",right,€8.000.000,"Jun 30, 2026",Centre-Forward,€3.330.000.00,€0
Mario Balotelli,Genoa,Serie_A,30.0,30.0,30.0,34.0,"Italy, Ghana","1,89m",right,€0,"Jun 30, 2025",Centre-Forward,€460.000.00,€0
Thomas Waddingham,Portsmouth,Championship,30.0,30.0,30.0,20.0,"Australia, England","1,85m",left,€0,"Jun 30, 2028",Centre-Forward,€61.670.00,€0
Tammy Abraham,Roma,Serie_A,30.0,30.0,30.0,,,,,,,,,
Ivan Azón,Como,Serie_A,30.0,30.0,30.0,,,,,,,,,
Ched Evans,Preston_North_End,Championship,30.0,30.0,30.0,36.0,Wales,"1,83m",right,€0,"Jun 30, 2025",Centre-Forward,€154.176.00,€0
Alessandro Gabrielloni,Como,Serie_A,30.0,30.0,30.0,30.0,Italy,"1,78m",right,€1.000.000,"Jun 30, 2027",Centre-Forward,€780.000.00,€0
Isaak Davies,Cardiff_City,Championship,30.0,30.0,30.0,23.0,Wales,"1,75m",right,€1.500.000,"Jun 30, 2026",Centre-Forward,€400.858.00,€0
Roko Simic,Cardiff_City,Championship,30.0,30.0,30.0,21.0,Croatia,"1,90m",right,€3.500.000,"Jun 30, 2028",Centre-Forward,€1.233.409.00,€0
Anastasios Douvikas,Como,Serie_A,30.0,30.0,30.0,25.0,Greece,"1,86m",right,€8.000.000,"Jun 30, 2029",Centre-Forward,€1.480.000.00,€0
Tom Bradshaw,Millwall,Championship,30.0,30.0,30.0,,,,,,,,,
Maroan Sannadi,Athletic_Club,La_Liga,30.0,30.0,30.0,24.0,"Spain, Morocco","1,92m",right,€5.000.000,"Jun 30, 2029",Centre-Forward,€620.000.00,€0
Mason Toye,CF_Montréal,MLS,30.0,30.0,30.0,,,,,,,,,
Iker Losada,Real_Betis,La_Liga,30.0,30.0,30.0,,,,,,,,,
Youssuf Sylla,Willem_II,Eredivisie,30.0,30.0,30.0,22.0,"Belgium, Guinea","1,91m",right,€0,"Jun 30, 2025",Centre-Forward,€170.000.00,€0
Rui Costa,Farense,Primeira_Liga,30.0,30.0,30.0,29.0,Portugal,"1,79m",right,€0,"Jun 30, 2025",Centre-Forward,€240.000.00,€0
Rodrigo Ribeiro,Sporting_CP,Primeira_Liga,30.0,30.0,30.0,,,,,,,,,
Charles-Andréas Brym,Sparta_R'dam,Eredivisie,30.0,30.0,30.0,,,,,,,,,
Quincy Hoeve,Sparta_R'dam,Eredivisie,30.0,30.0,30.0,22.0,"Bonaire, Netherlands","1,90m",right,€0,"Jun 30, 2025",Centre-Forward,,
Cauê,Casa_Pia,Primeira_Liga,30.0,30.0,30.0,22.0,Brazil,"1,84m",right,€0,"Jun 30, 2025",Centre-Forward,€180.000.00,€0
Martin Satriano,Lens,Ligue_1,30.0,30.0,30.0,,,,,,,,,
Thomas Buitink,Zwolle,Eredivisie,30.0,30.0,30.0,24.0,Netherlands,"1,74m",right,€0,"Jun 30, 2027",Centre-Forward,€300.000.00,€0
Kyogo Furuhashi,Rennes,Ligue_1,30.0,30.0,30.0,30.0,Japan,"1,70m",right,€12.000.000,"Jun 30, 2027",Centre-Forward,€2.900.000.00,€0
Glenn Ngosso,Montpellier,Ligue_1,30.0,30.0,30.0,21.0,Cameroon,-,,€0,-,Centre-Forward,€120.000.00,€0
Don-Angelo Konadu,Ajax,Eredivisie,30.0,30.0,30.0,19.0,"Netherlands, Ghana","1,84m",right,€0,"Jun 30, 2028",Centre-Forward,,
Enzo Molebe,Lyon,Ligue_1,30.0,30.0,30.0,17.0,"France, DR Congo",-,right,€0,"Jun 30, 2027",Centre-Forward,,
Sidiki Cherif,Angers,Ligue_1,30.0,30.0,30.0,,,,,,,,,
Finn Stokkers,Go_Ahead_Eag,Eredivisie,30.0,30.0,30.0,29.0,Netherlands,"1,86m",right,€0,"Jun 30, 2026",Centre-Forward,€150.000.00,€0
Ibrahima Wadji,Saint_Etienne,Ligue_1,30.0,30.0,30.0,30.0,Senegal,"1,75m",right,€0,"Jun 30, 2025",Centre-Forward,€600.000.00,€0
Djylian N'Guessan,Saint_Etienne,Ligue_1,30.0,30.0,30.0,16.0,"France, Cote d'Ivoire",-,right,€0,"Jun 30, 2027",Centre-Forward,,
Melih Bostan,Konyaspor,Süper_Lig,30.0,30.0,30.0,21.0,Türkiye,"1,73m",right,€0,"Jun 30, 2027",Centre-Forward,€70.000.00,€0
Yann Kitala,Le_Havre,Ligue_1,30.0,30.0,30.0,27.0,"DR Congo, France","1,86m",left,€0,"Jun 30, 2025",Centre-Forward,€210.000.00,€0
Elysée Logbo,Le_Havre,Ligue_1,30.0,30.0,30.0,20.0,"France, Cote d'Ivoire","1,88m",left,€0,"Jun 30, 2027",Centre-Forward,€220.000.00,€0
Ilyes Housni,Le_Havre,Ligue_1,30.0,30.0,30.0,19.0,"Morocco, France","1,72m",right,€2.000.000,"Jun 30, 2025",Centre-Forward,€360.000.00,€0
Mustafa Hekimoğlu,Beşiktaş,Süper_Lig,30.0,30.0,30.0,,,,,,,,,
Victor Orakpo,Nice,Ligue_1,30.0,30.0,30.0,19.0,Nigeria,"1,94m",right,€0,"Jun 30, 2028",Centre-Forward,€120.000.00,€0
Kubilay Kanatsızkuş,Göztepe,Süper_Lig,30.0,30.0,30.0,,,,,,,,€420.000.00,€0
Emersonn,Göztepe,Süper_Lig,30.0,30.0,30.0,,,,,,,,€420.000.00,€0
Terem Moffi,Nice,Ligue_1,30.0,30.0,30.0,25.0,Nigeria,"1,88m",left,€15.000.000,"Jun 30, 2027",Centre-Forward,€900.000.00,€0
Youssoufa Moukoko,Nice,Ligue_1,30.0,30.0,30.0,20.0,"Germany, Cameroon","1,79m",left,€10.000.000,"Jun 30, 2025",Centre-Forward,€3.000.000.00,€0
Andrea Belotti,Benfica,Primeira_Liga,30.0,30.0,30.0,31.0,Italy,"1,81m",right,€2.000.000,"Jun 30, 2025",Centre-Forward,€2.880.000.00,€0
Arthur Cabral,Benfica,Primeira_Liga,30.0,30.0,30.0,27.0,Brazil,"1,86m",right,€12.000.000,"Jun 30, 2028",Centre-Forward,€3.850.000.00,€100.000.000
Akor Adams,Sevilla,La_Liga,30.0,30.0,30.0,25.0,Nigeria,"1,90m",right,€7.500.000,"Jun 30, 2029",Centre-Forward,€1.880.000.00,€0
Carlos Eduardo,Gil_Vicente_FC,Primeira_Liga,30.0,30.0,30.0,22.0,Brazil,"1,92m",left,€0,"Jun 30, 2028",Centre-Forward,€60.000.00,€0
Leonardo Oliveira,Famalicão,Primeira_Liga,30.0,30.0,30.0,20.0,"Sweden, Portugal","1,87m",right,€0,"Jun 30, 2025",Centre-Forward,€60.000.00,€0
Baptiste Guillaume,Almere_City,Eredivisie,30.0,30.0,30.0,29.0,Belgium,"1,89m",right,€0,"Jun 30, 2026",Centre-Forward,€400.000.00,€0
Simon Elisor,Famalicão,Primeira_Liga,30.0,30.0,30.0,25.0,"France, Guadeloupe","1,85m",left,€0,"Jun 30, 2028",Centre-Forward,€480.000.00,€0
Fábio Sambú,Boavista,Primeira_Liga,30.0,30.0,30.0,17.0,Portugal,"1,80m",right,€0,"Jun 30, 2027",Centre-Forward,,
Diego Llorente,Boavista,Primeira_Liga,30.0,30.0,30.0,23.0,"Dominican Republic, Spain","1,80m",right,€0,"Jun 30, 2025",Centre-Forward,€90.000.00,€0
Tiago Machado,Boavista,Primeira_Liga,30.0,30.0,30.0,21.0,Portugal,"1,85m",left,€0,"Jun 30, 2028",Centre-Forward,€120.000.00,€0
Moussa Koné,Boavista,Primeira_Liga,30.0,30.0,30.0,28.0,Senegal,"1,75m",right,€0,"Jun 30, 2025",Centre-Forward,,
Kaj Sierhuis,Fortuna_Sittard,Eredivisie,30.0,30.0,30.0,27.0,Netherlands,"1,80m",right,€1.500.000,"Jun 30, 2026",Centre-Forward,€490.000.00,€0
Bojan Radulovic,Fortuna_Sittard,Eredivisie,30.0,30.0,30.0,,,,,,,,,
Manuel Namora,Boavista,Primeira_Liga,30.0,30.0,30.0,27.0,Portugal,"1,80m",left,€0,"Jun 30, 2025",Centre-Forward,€90.000.00,€0
Kento Shiogai,NEC_Nijmegen,Eredivisie,30.0,30.0,30.0,20.0,Japan,"1,80m",right,€0,"Jun 30, 2028",Centre-Forward,€70.000.00,€0
Dyego Sousa,Nacional,Primeira_Liga,30.0,30.0,30.0,35.0,"Portugal, Brazil","1,89m",right,€0,"Jun 30, 2025",Centre-Forward,€280.000.00,€0
Karem Zoabi,Rio_Ave,Primeira_Liga,30.0,30.0,30.0,19.0,Israel,"1,84m",left,€0,"Jun 30, 2028",Centre-Forward,€90.000.00,€0
Diego van Oorschot,Heracles_Almelo,Eredivisie,30.0,30.0,30.0,19.0,Netherlands,"1,73m",right,€0,"Jun 30, 2027",Centre-Forward,€90.000.00,€0
Wendel,Santa_Clara,Primeira_Liga,30.0,30.0,30.0,24.0,Brazil,"1,80m",right,€1.200.000,"Jun 30, 2025",Centre-Forward,,
Dieu-Merci Michel,Vitoria_Guimaraes,Primeira_Liga,30.0,30.0,30.0,21.0,"Canada, Angola","1,93m",right,€0,"Jun 30, 2027",Centre-Forward,€120.000.00,€0
Lucas Vennegoor of Hesselink,Twente,Eredivisie,30.0,30.0,30.0,19.0,Netherlands,"1,88m",left,€0,"Jun 30, 2027",Centre-Forward,,
Fran Navarro,Porto,Primeira_Liga,30.0,30.0,30.0,,,,,,,,,
Deniz Gül,Porto,Primeira_Liga,30.0,30.0,30.0,20.0,"Türkiye, Sweden","1,90m",right,€4.500.000,"Jun 30, 2029",Centre-Forward,€350.000.00,€0
Zepiqueno Redmond,Feyenoord,Eredivisie,30.0,30.0,30.0,18.0,"Netherlands, Suriname","1,84m",right,€0,"Jun 30, 2025",Centre-Forward,€180.000.00,€0
Stephano Carrillo,Feyenoord,Eredivisie,30.0,30.0,30.0,,,,,,,,,
Afonso Patrão,Braga,Primeira_Liga,30.0,30.0,30.0,18.0,Portugal,"1,82m",right,€0,"Jun 30, 2026",Centre-Forward,,
Clayton,AVS_Futebol,Primeira_Liga,30.0,30.0,30.0,,,,,,,,,
Gerson Rodrigues,AVS_Futebol,Primeira_Liga,30.0,30.0,30.0,29.0,"Luxembourg, Portugal","1,88m",right,€0,"Jun 30, 2025",Centre-Forward,€480.000.00,€0
Lucas Pérez,PSV_Eindhoven,Eredivisie,30.0,30.0,30.0,36.0,Spain,"1,80m",left,€0,"Jun 30, 2025",Centre-Forward,,
Talha Sarıarslan,Kayserispor,Süper_Lig,30.0,30.0,30.0,21.0,Türkiye,"1,86m",right,€0,"Jun 30, 2026",Centre-Forward,€170.000.00,€0
Stefan Schimmer,Heidenheim,Bundesliga,30.0,30.0,30.0,31.0,Germany,"1,85m",right,€0,"Jun 30, 2026",Centre-Forward,€300.000.00,€0
Sinan Alkaş,Kasımpaşa,Süper_Lig,30.0,30.0,30.0,,,,,,,,€50.000.00,€0
Sarp Yavrucu,Kasımpaşa,Süper_Lig,30.0,30.0,30.0,,,,,,,,€170.000.00,€0
Andreas Albers,St_Pauli,Bundesliga,30.0,30.0,30.0,35.0,Denmark,"1,93m",right,€0,-,Centre-Forward,€470.000.00,€0
André Silva,RB_Leipzig,Bundesliga,30.0,30.0,30.0,,,,,,,,€3.500.000.00,€0
Yussuf Poulsen,RB_Leipzig,Bundesliga,30.0,30.0,30.0,30.0,"Denmark, Tanzania","1,92m",right,€5.000.000,"Jun 30, 2026",Centre-Forward,€6.600.000.00,€0
Kevin Volland,Union_Berlin,Bundesliga,30.0,30.0,30.0,32.0,Germany,"1,79m",left,€1.800.000,"Jun 30, 2026",Centre-Forward,€2.400.000.00,€0
Marin Ljubicic,Union_Berlin,Bundesliga,30.0,30.0,30.0,23.0,Croatia,"1,83m",right,€4.000.000,-,Centre-Forward,€750.000.00,€0
Ivan Prtajin,Union_Berlin,Bundesliga,30.0,30.0,30.0,28.0,Croatia,"1,89m",right,€1.500.000,"Jun 30, 2027",Centre-Forward,€340.000.00,€0
El Bilal Touré,Stuttgart,Bundesliga,30.0,30.0,30.0,23.0,"Mali, Cote d'Ivoire","1,85m",both,€17.000.000,"Jun 30, 2025",Centre-Forward,€2.830.000.00,€0
Alejo Sarco,Bayer_Leverkusen,Bundesliga,30.0,30.0,30.0,19.0,"Argentina, Italy","1,79m",left,€0,"Jun 30, 2029",Centre-Forward,,
Marcos Dias,NE_Revolution,MLS,30.0,30.0,30.0,23.0,Brazil,"1,83m",,€0,"Dec 31, 2025",Centre-Forward,€0.00,€0
Raúl de Tomás,Rayo_Vallecano,La_Liga,30.0,30.0,30.0,30.0,"Spain, Dominican Republic","1,80m",right,€0,"Jun 30, 2027",Centre-Forward,€3.100.000.00,€0
Sergi Guardiola,Rayo_Vallecano,La_Liga,30.0,30.0,30.0,33.0,Spain,"1,85m",left,€0,"Jun 30, 2025",Centre-Forward,€500.000.00,€0
Iker Losada,Celta_Vigo,La_Liga,30.0,30.0,30.0,23.0,Spain,"1,75m",right,€1.800.000,"Jun 30, 2025",Second Striker,€320.000.00,€0
Caden Glover,St_Louis,MLS,30.0,30.0,30.0,18.0,United States,"1,88m",right,€0,"Dec 31, 2027",Centre-Forward,€79.190.00,€0
Pau Cabanes,Villareal,La_Liga,30.0,30.0,30.0,,,,,,,,,
Omar Sadik,Espanyol,La_Liga,30.0,30.0,30.0,21.0,Morocco,-,left,€0,"Jun 30, 2028",Centre-Forward,€190.000.00,€0
Endrick,Real_Madrid,La_Liga,30.0,30.0,30.0,18.0,Brazil,"1,73m",left,€40.000.000,"Jun 30, 2030",Centre-Forward,€4.160.000.00,€0
Rodrigo Ribeiro,Famalicão,Primeira_Liga,30.0,30.0,30.0,,,,,,,,,
Pau Cabanes,Alaves,La_Liga,30.0,30.0,30.0,20.0,Spain,"1,79m",right,€0,"Jun 30, 2025",Centre-Forward,€320.000.00,€0
Ousseni Bouda,SJ_Earthquakes,MLS,30.0,30.0,30.0,25.0,Burkina Faso,"1,80m",,€0,"Dec 31, 2025",Centre-Forward,€110.334.00,€0
Asier Villalibre,Alaves,La_Liga,30.0,30.0,30.0,27.0,Spain,"1,82m",left,€1.800.000,"Jun 30, 2028",Centre-Forward,€720.000.00,€0
Dominique Badji,D.C_United,MLS,30.0,30.0,30.0,32.0,Senegal,"1,83m",left,€0,"Dec 31, 2026",Centre-Forward,€79.190.00,€0
Umar Sadiq,Real_Sociedad,La_Liga,30.0,30.0,30.0,,,,,,,,,
Abdón Prats,Mallorca,La_Liga,30.0,30.0,30.0,32.0,Spain,"1,81m",left,€1.500.000,"Jun 30, 2028",Centre-Forward,€520.000.00,€0
Markus Anderson,Philadelphia_Union,MLS,30.0,30.0,30.0,21.0,United States,"1,78m",right,€0,"Dec 31, 2026",Centre-Forward,€88.268.00,€0
Marc Cardona,Las_Palmas,La_Liga,30.0,30.0,30.0,29.0,Spain,"1,82m",right,€0,"Jun 30, 2026",Centre-Forward,€630.000.00,€0
Arda Usluoğlu,Alanyaspor,Süper_Lig,30.0,30.0,30.0,18.0,Türkiye,"1,89m",right,€0,"Jun 30, 2027",Centre-Forward,€50.000.00,€0
Juan,Alanyaspor,Süper_Lig,30.0,30.0,30.0,,,,,,,,,
Andraž Šporar,Alanyaspor,Süper_Lig,30.0,30.0,30.0,,,,,,,,,
Mergim Berisha,Hoffenheim,Bundesliga,30.0,30.0,30.0,,,,,,,,,
Umut Bozok,Eyüpspor,Süper_Lig,30.0,30.0,30.0,,,,,,,,,
Maximilian Breunig,Heidenheim,Bundesliga,30.0,30.0,30.0,24.0,Germany,"1,95m",left,€2.000.000,"Jun 30, 2027",Centre-Forward,€220.000.00,€0
Álvaro Morata,Galatasaray,Süper_Lig,30.0,30.0,30.0,32.0,Spain,"1,89m",right,€13.000.000,"Jan 20, 2026",Centre-Forward,€5.000.000.00,€0
Maximilian Philipp,Freiburg,Bundesliga,30.0,30.0,30.0,31.0,Germany,"1,83m",right,€1.000.000,-,Second Striker,€2.100.000.00,€0
Mergim Berisha,Augsburg,Bundesliga,30.0,30.0,30.0,26.0,Germany,"1,88m",right,€5.000.000,"Jun 30, 2025",Centre-Forward,€3.500.000.00,€0
Steve Mounié,Augsburg,Bundesliga,30.0,30.0,30.0,30.0,"Benin, France","1,89m",right,€3.000.000,"Jun 30, 2027",Centre-Forward,€2.640.000.00,€0
André Silva,Werder_Bremen,Bundesliga,30.0,30.0,30.0,29.0,Portugal,"1,86m",right,€5.000.000,"Jun 30, 2025",Centre-Forward,€1.500.000.00,€0
Gabriel Vidovic,Mainz_05,Bundesliga,30.0,30.0,30.0,,,,,,,,,
Cenk Tosun,Fenerbahçe,Süper_Lig,30.0,30.0,30.0,,,,,,,,€2.080.000.00,€0
Jonathan Okoronkwo,Hatayspor,Süper_Lig,30.0,30.0,30.0,21.0,Nigeria,"1,75m",right,€0,"Jun 30, 2027",Centre-Forward,€600.000.00,€0
David Mokwa,Hoffenheim,Bundesliga,30.0,30.0,30.0,21.0,"France, Cameroon","1,80m",right,€1.000.000,"Jun 30, 2027",Centre-Forward,€140.000.00,€0
Max Moerstedt,Hoffenheim,Bundesliga,30.0,30.0,30.0,19.0,Germany,"1,94m",right,€7.000.000,"Jun 30, 2027",Centre-Forward,€280.000.00,€0
Abdoulie Ceesay,St_Pauli,Bundesliga,30.0,30.0,30.0,21.0,The Gambia,"1,85m",,€0,-,Centre-Forward,€140.000.00,€0
Kevin Behrens,Wolfsburg,Bundesliga,30.0,30.0,30.0,34.0,Germany,"1,85m",both,€1.500.000,"Jun 30, 2025",Centre-Forward,€1.300.000.00,€0
Lukas Nmecha,Wolfsburg,Bundesliga,30.0,30.0,30.0,26.0,"Germany, England","1,85m",right,€3.000.000,"Jun 30, 2025",Centre-Forward,€2.000.000.00,€0
Celal Dumanlı,BB_Bodrumspor,Süper_Lig,30.0,30.0,30.0,31.0,Türkiye,"1,89m",right,€0,"Jun 30, 2026",Centre-Forward,€90.000.00,€0
Elye Wahi,Eintracht_Frankfurt,Bundesliga,30.0,30.0,30.0,22.0,"France, Cote d'Ivoire","1,81m",right,€25.000.000,"Jun 30, 2030",Centre-Forward,€3.400.000.00,€0
Igor Matanovic,Eintracht_Frankfurt,Bundesliga,30.0,30.0,30.0,22.0,"Croatia, Germany","1,94m",right,€6.000.000,"Jun 30, 2029",Centre-Forward,€280.000.00,€0
Michy Batshuayi,Eintracht_Frankfurt,Bundesliga,30.0,30.0,30.0,31.0,"Belgium, DR Congo","1,85m",right,€5.000.000,"Jun 30, 2027",Centre-Forward,€2.830.000.00,€0
Gabriel Vidovic,Bayern_Munich,Bundesliga,30.0,30.0,30.0,21.0,"Croatia, Germany","1,80m",right,€3.000.000,"Jun 30, 2026",Second Striker,€560.000.00,€0
Enis Destan,Trabzonspor,Süper_Lig,30.0,30.0,30.0,22.0,Türkiye,"1,86m",right,€4.000.000,"Jun 30, 2028",Centre-Forward,€170.000.00,€0
Umut Bozok,Trabzonspor,Süper_Lig,30.0,30.0,30.0,,,,,,,,,
Shiō Fukuda,Monchengladbach,Bundesliga,30.0,30.0,30.0,,,,,,,,,
Breyton Fougeu,Adana_Demirspor,Süper_Lig,30.0,30.0,30.0,21.0,"France, Congo","1,75m",right,€0,"Jun 30, 2026",Centre-Forward,€90.000.00,€0
Aaron Connolly,Sunderland,Championship,30.0,30.0,30.0,,,,,,,,,
